Date,HomeTeam,AwayTeam,FTHG,FTAG,FTR,HTHG,HTAG,HTR,Referee,HS,AS,HST,AST,HF,AF,HC,AC,HY,AY,HR,AR,season,season_type
2020-09-19,Fiorentina,Torino,1,0,H,0,0,D,,17,6,8,3,17,20,4,1,3,1,0,0,2020_2021,covid
2020-09-19,Verona,Roma,0,0,D,0,0,D,,9,15,7,7,19,20,0,6,2,0,0,0,2020_2021,covid
2020-09-20,Parma,Napoli,0,2,A,0,0,D,,4,12,2,7,16,12,4,2,4,1,0,0,2020_2021,covid
2020-09-20,Genoa,Crotone,4,1,H,3,1,H,,10,11,8,5,13,14,6,4,4,2,0,0,2020_2021,covid
2020-09-20,Sassuolo,Cagliari,1,1,D,0,0,D,,21,8,10,4,9,18,7,3,1,3,0,0,2020_2021,covid
2020-09-20,Juventus,Sampdoria,3,0,H,1,0,H,,14,10,9,2,15,9,6,4,1,1,0,0,2020_2021,covid
2020-09-21,Milan,Bologna,2,0,H,1,0,H,,14,6,6,5,13,17,7,4,3,5,0,1,2020_2021,covid
2020-09-26,Torino,Atalanta,2,4,A,2,3,A,,5,12,5,7,11,12,2,6,1,2,0,0,2020_2021,covid
2020-09-26,Cagliari,Lazio,0,2,A,0,1,A,,9,9,3,7,8,13,3,6,1,1,0,0,2020_2021,covid
2020-09-26,Sampdoria,Benevento,2,3,A,2,1,H,,5,11,4,6,17,12,6,4,3,1,0,0,2020_2021,covid
2020-09-26,Inter,Fiorentina,4,3,H,1,1,D,,12,8,6,4,15,10,5,1,1,1,0,0,2020_2021,covid
2020-09-27,Spezia,Sassuolo,1,4,A,1,1,D,,11,10,6,8,13,8,3,5,2,1,0,0,2020_2021,covid
2020-09-27,Napoli,Genoa,6,0,H,1,0,H,,18,3,11,1,6,13,4,2,1,2,0,0,2020_2021,covid
2020-09-27,Verona,Udinese,1,0,H,0,0,D,,8,14,2,6,13,13,1,9,1,0,0,0,2020_2021,covid
2020-09-27,Crotone,Milan,0,2,A,0,1,A,,5,11,1,7,14,15,2,5,1,3,0,0,2020_2021,covid
2020-09-27,Roma,Juventus,2,2,D,2,1,H,,7,6,6,3,19,9,5,7,2,3,0,1,2020_2021,covid
2020-09-28,Bologna,Parma,4,1,H,2,0,H,,11,8,8,4,12,9,8,9,1,2,0,1,2020_2021,covid
2020-09-30,Benevento,Inter,2,5,A,1,4,A,,11,18,7,12,10,15,5,1,1,0,0,0,2020_2021,covid
2020-09-30,Udinese,Spezia,0,2,A,0,1,A,,10,4,5,3,13,17,2,2,0,5,0,1,2020_2021,covid
2020-09-30,Lazio,Atalanta,1,4,A,0,3,A,,11,8,8,6,16,11,7,3,7,2,0,0,2020_2021,covid
2020-10-02,Fiorentina,Sampdoria,1,2,A,0,1,A,,16,14,6,10,11,16,8,4,0,3,0,0,2020_2021,covid
2020-10-03,Sassuolo,Crotone,4,1,H,1,0,H,,7,10,4,6,15,15,3,4,2,3,0,0,2020_2021,covid
2020-10-03,Udinese,Roma,0,1,A,0,0,D,,9,8,5,3,15,10,4,1,1,0,0,0,2020_2021,covid
2020-10-04,Atalanta,Cagliari,5,2,H,4,1,H,,19,7,14,3,11,9,3,9,0,0,0,0,2020_2021,covid
2020-10-04,Benevento,Bologna,1,0,H,0,0,D,,6,13,3,7,13,15,4,10,2,1,0,0,2020_2021,covid
2020-10-04,Lazio,Inter,1,1,D,0,1,A,,11,10,5,4,14,13,7,8,3,4,1,1,2020_2021,covid
2020-10-04,Parma,Verona,1,0,H,1,0,H,,7,8,5,5,11,19,7,6,1,1,0,0,2020_2021,covid
2020-10-04,Milan,Spezia,3,0,H,0,0,D,,10,3,5,2,14,19,4,6,1,2,0,0,2020_2021,covid
2020-10-17,Napoli,Atalanta,4,1,H,4,0,H,,18,11,14,3,12,23,6,2,1,3,0,0,2020_2021,covid
2020-10-17,Inter,Milan,1,2,A,1,2,A,,12,8,6,4,18,11,3,5,3,4,0,0,2020_2021,covid
2020-10-17,Sampdoria,Lazio,3,0,H,2,0,H,,11,8,8,1,12,10,3,3,2,2,0,0,2020_2021,covid
2020-10-17,Crotone,Juventus,1,1,D,1,1,D,,9,8,3,3,17,14,3,4,3,3,0,1,2020_2021,covid
2020-10-18,Bologna,Sassuolo,3,4,A,2,1,H,,11,20,7,12,20,12,7,11,2,2,0,0,2020_2021,covid
2020-10-18,Spezia,Fiorentina,2,2,D,1,2,A,,6,7,2,6,15,18,5,5,2,2,0,0,2020_2021,covid
2020-10-18,Torino,Cagliari,2,3,A,1,2,A,,10,9,6,7,14,16,2,4,2,3,1,0,2020_2021,covid
2020-10-18,Udinese,Parma,3,2,H,1,1,D,,9,7,4,3,12,11,11,2,3,2,0,0,2020_2021,covid
2020-10-18,Roma,Benevento,5,2,H,2,1,H,,16,8,10,4,17,7,6,4,3,2,0,0,2020_2021,covid
2020-10-19,Verona,Genoa,0,0,D,0,0,D,,18,5,12,2,14,15,14,2,1,4,0,0,2020_2021,covid
2020-10-23,Sassuolo,Torino,3,3,D,0,1,A,,13,14,9,12,10,12,6,8,2,2,0,0,2020_2021,covid
2020-10-24,Atalanta,Sampdoria,1,3,A,0,1,A,,10,5,5,4,11,18,3,1,3,4,0,0,2020_2021,covid
2020-10-24,Genoa,Inter,0,2,A,0,0,D,,1,10,0,6,11,17,1,9,1,1,0,0,2020_2021,covid
2020-10-24,Lazio,Bologna,2,1,H,0,0,D,,6,16,4,6,14,15,8,9,3,3,0,0,2020_2021,covid
2020-10-25,Cagliari,Crotone,4,2,H,3,2,H,,15,11,8,6,13,13,5,1,2,4,0,1,2020_2021,covid
2020-10-25,Benevento,Napoli,1,2,A,1,0,H,,6,14,3,8,18,13,3,15,3,1,0,0,2020_2021,covid
2020-10-25,Parma,Spezia,2,2,D,1,2,A,,15,13,7,9,12,22,12,3,3,2,0,0,2020_2021,covid
2020-10-25,Fiorentina,Udinese,3,2,H,2,1,H,,4,11,3,6,16,14,2,7,1,3,0,0,2020_2021,covid
2020-10-25,Juventus,Verona,1,1,D,0,0,D,,16,5,8,2,14,19,6,3,1,4,0,0,2020_2021,covid
2020-10-26,Milan,Roma,3,3,D,1,1,D,,13,11,11,9,15,15,7,7,3,2,0,0,2020_2021,covid
2020-10-31,Crotone,Atalanta,1,2,A,1,2,A,,4,16,2,7,11,22,1,3,1,3,0,0,2020_2021,covid
2020-10-31,Inter,Parma,2,2,D,0,0,D,,18,4,9,3,13,7,15,2,1,1,0,0,2020_2021,covid
2020-10-31,Bologna,Cagliari,3,2,H,1,1,D,,16,6,11,4,12,19,7,3,3,3,0,0,2020_2021,covid
2020-11-01,Udinese,Milan,1,2,A,0,1,A,,7,8,3,4,14,12,2,4,2,2,0,0,2020_2021,covid
2020-11-01,Spezia,Juventus,1,4,A,1,1,D,,11,8,3,5,14,7,4,3,3,1,0,0,2020_2021,covid
2020-11-01,Torino,Lazio,3,4,A,2,1,H,,8,9,6,5,11,12,7,1,2,4,0,0,2020_2021,covid
2020-11-01,Napoli,Sassuolo,0,2,A,0,0,D,,18,8,7,5,7,9,12,3,2,2,0,0,2020_2021,covid
2020-11-01,Roma,Fiorentina,2,0,H,1,0,H,,11,3,7,1,17,16,7,4,3,2,0,1,2020_2021,covid
2020-11-01,Sampdoria,Genoa,1,1,D,1,1,D,,9,7,3,4,19,11,7,4,5,1,0,0,2020_2021,covid
2020-11-02,Verona,Benevento,3,1,H,1,0,H,,10,10,7,5,18,14,4,5,5,4,0,1,2020_2021,covid
2020-11-04,Genoa,Torino,1,2,A,0,2,A,,9,6,4,1,10,18,5,2,2,4,0,0,2020_2021,covid
2020-11-06,Sassuolo,Udinese,0,0,D,0,0,D,,3,0,1,0,17,13,3,6,2,2,0,0,2020_2021,covid
2020-11-07,Cagliari,Sampdoria,2,0,H,0,0,D,,13,5,7,1,12,16,2,6,0,2,0,1,2020_2021,covid
2020-11-07,Benevento,Spezia,0,3,A,0,1,A,,4,13,3,7,13,18,2,4,3,3,0,0,2020_2021,covid
2020-11-07,Parma,Fiorentina,0,0,D,0,0,D,,5,6,0,4,17,17,2,3,1,2,0,0,2020_2021,covid
2020-11-08,Lazio,Juventus,1,1,D,0,1,A,,7,9,3,6,12,12,4,2,2,2,0,0,2020_2021,covid
2020-11-08,Atalanta,Inter,1,1,D,0,0,D,,9,10,4,3,15,13,2,5,1,3,0,0,2020_2021,covid
2020-11-08,Genoa,Roma,1,3,A,0,1,A,,7,18,5,11,10,11,1,8,1,0,0,0,2020_2021,covid
2020-11-08,Torino,Crotone,0,0,D,0,0,D,,5,7,1,2,15,16,6,3,3,4,0,1,2020_2021,covid
2020-11-08,Bologna,Napoli,0,1,A,0,1,A,,6,8,4,4,12,11,4,7,3,0,0,0,2020_2021,covid
2020-11-08,Milan,Verona,2,2,D,1,2,A,,21,5,9,3,16,20,14,1,1,3,0,0,2020_2021,covid
2020-11-21,Crotone,Lazio,0,2,A,0,1,A,,12,13,6,9,11,11,2,6,3,4,0,0,2020_2021,covid
2020-11-21,Spezia,Atalanta,0,0,D,0,0,D,,6,9,3,5,19,18,1,2,3,3,0,0,2020_2021,covid
2020-11-21,Juventus,Cagliari,2,0,H,2,0,H,,13,2,8,0,11,7,9,1,3,2,0,0,2020_2021,covid
2020-11-22,Fiorentina,Benevento,0,1,A,0,0,D,,5,10,3,4,14,16,4,4,2,3,0,0,2020_2021,covid
2020-11-22,Inter,Torino,4,2,H,0,1,A,,9,11,7,6,20,14,1,1,3,2,0,0,2020_2021,covid
2020-11-22,Roma,Parma,3,0,H,3,0,H,,12,1,7,1,5,4,4,1,0,0,0,0,2020_2021,covid
2020-11-22,Sampdoria,Bologna,1,2,A,1,1,D,,8,7,4,5,10,9,9,10,2,2,0,0,2020_2021,covid
2020-11-22,Verona,Sassuolo,0,2,A,0,1,A,,13,10,7,5,13,20,6,1,1,3,0,0,2020_2021,covid
2020-11-22,Udinese,Genoa,1,0,H,1,0,H,,7,5,4,1,17,15,4,8,2,3,0,1,2020_2021,covid
2020-11-22,Napoli,Milan,1,3,A,0,1,A,,16,11,9,7,8,16,8,5,3,4,1,0,2020_2021,covid
2020-11-28,Sassuolo,Inter,0,3,A,0,2,A,,7,9,3,4,13,16,6,2,3,1,0,0,2020_2021,covid
2020-11-28,Benevento,Juventus,1,1,D,1,1,D,,8,11,5,5,13,13,5,8,6,1,0,1,2020_2021,covid
2020-11-28,Atalanta,Verona,0,2,A,0,0,D,,15,7,6,3,12,15,4,1,2,3,0,0,2020_2021,covid
2020-11-29,Lazio,Udinese,1,3,A,0,2,A,,8,6,6,4,16,10,4,4,3,4,0,0,2020_2021,covid
2020-11-29,Bologna,Crotone,1,0,H,1,0,H,,11,5,7,1,15,18,10,3,2,4,0,0,2020_2021,covid
2020-11-29,Milan,Fiorentina,2,0,H,2,0,H,,11,5,5,3,15,15,3,6,2,4,0,0,2020_2021,covid
2020-11-29,Cagliari,Spezia,2,2,D,0,1,A,,9,12,4,5,16,18,4,5,0,4,0,0,2020_2021,covid
2020-11-29,Napoli,Roma,4,0,H,1,0,H,,13,4,9,1,3,10,11,4,1,2,0,0,2020_2021,covid
2020-11-30,Torino,Sampdoria,2,2,D,1,0,H,,11,7,8,2,17,17,6,2,1,2,0,0,2020_2021,covid
2020-11-30,Genoa,Parma,1,2,A,0,1,A,,12,7,5,3,12,16,2,2,2,2,0,0,2020_2021,covid
2020-12-05,Spezia,Lazio,1,2,A,0,2,A,,11,3,6,2,15,12,7,0,3,1,0,0,2020_2021,covid
2020-12-05,Juventus,Torino,2,1,H,0,1,A,,9,5,5,2,17,10,13,1,3,3,1,0,2020_2021,covid
2020-12-05,Inter,Bologna,3,1,H,2,0,H,,11,9,9,7,12,13,7,3,1,2,0,0,2020_2021,covid
2020-12-06,Verona,Cagliari,1,1,D,1,0,H,,12,9,6,5,11,14,7,5,2,0,0,0,2020_2021,covid
2020-12-06,Parma,Benevento,0,0,D,0,0,D,,6,6,0,4,13,12,6,3,4,4,0,0,2020_2021,covid
2020-12-06,Roma,Sassuolo,0,0,D,0,0,D,,14,7,5,2,10,12,12,5,5,3,1,0,2020_2021,covid
2020-12-06,Crotone,Napoli,0,4,A,0,1,A,,4,11,1,6,14,9,4,1,3,3,1,0,2020_2021,covid
2020-12-06,Sampdoria,Milan,1,2,A,0,1,A,,6,9,3,6,11,16,9,6,2,1,0,0,2020_2021,covid
2020-12-07,Fiorentina,Genoa,1,1,D,0,0,D,,16,3,8,3,7,20,5,1,2,2,0,0,2020_2021,covid
2020-12-11,Sassuolo,Benevento,1,0,H,1,0,H,,4,17,2,7,12,14,1,10,2,4,1,0,2020_2021,covid
2020-12-12,Crotone,Spezia,4,1,H,1,1,D,,7,9,7,5,16,14,1,4,3,3,0,0,2020_2021,covid
2020-12-12,Torino,Udinese,2,3,A,0,1,A,,6,5,5,3,9,17,2,2,3,3,0,0,2020_2021,covid
2020-12-12,Lazio,Verona,1,2,A,0,1,A,,8,3,5,3,13,15,5,3,5,3,0,0,2020_2021,covid
2020-12-13,Cagliari,Inter,1,3,A,1,0,H,,7,20,2,11,10,17,3,9,2,1,0,0,2020_2021,covid
2020-12-13,Atalanta,Fiorentina,3,0,H,1,0,H,,14,3,10,2,17,13,11,2,1,2,0,0,2020_2021,covid
2020-12-13,Bologna,Roma,1,5,A,1,5,A,,4,13,1,8,16,9,1,5,4,2,0,0,2020_2021,covid
2020-12-13,Napoli,Sampdoria,2,1,H,0,1,A,,13,4,8,3,7,13,7,5,3,4,0,0,2020_2021,covid
2020-12-13,Genoa,Juventus,1,3,A,0,0,D,,2,15,2,9,13,14,0,10,3,3,0,0,2020_2021,covid
2020-12-13,Milan,Parma,2,2,D,0,1,A,,16,5,10,3,12,14,13,1,3,3,0,0,2020_2021,covid
2020-12-15,Udinese,Crotone,0,0,D,0,0,D,,8,4,6,2,13,17,9,1,1,4,0,0,2020_2021,covid
2020-12-15,Benevento,Lazio,1,1,D,1,1,D,,7,8,6,3,15,15,4,8,2,2,1,0,2020_2021,covid
2020-12-16,Juventus,Atalanta,1,1,D,1,0,H,,11,11,7,6,13,18,2,6,3,2,0,0,2020_2021,covid
2020-12-16,Fiorentina,Sassuolo,1,1,D,1,1,D,,12,12,7,7,19,11,4,1,4,4,0,0,2020_2021,covid
2020-12-16,Genoa,Milan,2,2,D,0,0,D,,6,8,4,4,17,13,4,10,2,3,0,0,2020_2021,covid
2020-12-16,Inter,Napoli,1,0,H,0,0,D,,3,9,2,5,16,9,4,3,5,3,0,1,2020_2021,covid
2020-12-16,Parma,Cagliari,0,0,D,0,0,D,,10,5,3,4,13,11,8,5,1,1,0,0,2020_2021,covid
2020-12-16,Spezia,Bologna,2,2,D,1,0,H,,7,9,5,6,19,11,3,4,6,1,0,0,2020_2021,covid
2020-12-16,Verona,Sampdoria,1,2,A,0,1,A,,6,6,6,3,20,17,6,3,2,4,1,0,2020_2021,covid
2020-12-17,Roma,Torino,3,1,H,2,0,H,,10,12,8,8,21,16,4,2,4,3,0,1,2020_2021,covid
2020-12-19,Fiorentina,Verona,1,1,D,1,1,D,,5,5,1,3,10,16,4,1,2,2,0,0,2020_2021,covid
2020-12-19,Sampdoria,Crotone,3,1,H,2,1,H,,6,5,4,3,14,15,3,1,2,2,0,0,2020_2021,covid
2020-12-19,Parma,Juventus,0,4,A,0,2,A,,9,12,5,7,8,10,4,9,0,1,0,0,2020_2021,covid
2020-12-20,Torino,Bologna,1,1,D,0,0,D,,13,14,5,9,16,17,4,8,1,3,0,0,2020_2021,covid
2020-12-20,Benevento,Genoa,2,0,H,0,0,D,,10,6,3,2,9,22,6,5,1,3,0,0,2020_2021,covid
2020-12-20,Cagliari,Udinese,1,1,D,1,0,H,,7,11,3,5,13,13,5,7,2,1,0,0,2020_2021,covid
2020-12-20,Inter,Spezia,2,1,H,0,0,D,,10,7,4,1,10,9,3,2,1,2,0,0,2020_2021,covid
2020-12-20,Sassuolo,Milan,1,2,A,0,2,A,,16,11,5,5,11,12,6,4,1,3,0,0,2020_2021,covid
2020-12-20,Atalanta,Roma,4,1,H,0,1,A,,9,5,8,4,15,14,2,2,2,3,0,0,2020_2021,covid
2020-12-20,Lazio,Napoli,2,0,H,1,0,H,,9,7,2,6,12,8,4,9,4,3,0,0,2020_2021,covid
2020-12-22,Crotone,Parma,2,1,H,2,0,H,,10,14,6,7,16,22,3,6,4,6,0,0,2020_2021,covid
2020-12-22,Juventus,Fiorentina,0,3,A,0,1,A,,10,9,3,6,9,18,5,5,1,4,1,0,2020_2021,covid
2020-12-23,Verona,Inter,1,2,A,0,0,D,,5,9,2,5,15,19,2,8,4,2,0,0,2020_2021,covid
2020-12-23,Bologna,Atalanta,2,2,D,0,2,A,,8,9,5,6,11,14,1,5,2,2,0,0,2020_2021,covid
2020-12-23,Milan,Lazio,3,2,H,2,1,H,,9,13,5,9,9,14,4,6,2,4,0,0,2020_2021,covid
2020-12-23,Napoli,Torino,1,1,D,0,0,D,,12,4,6,3,19,16,4,3,3,3,0,0,2020_2021,covid
2020-12-23,Roma,Cagliari,3,2,H,1,0,H,,13,6,9,3,18,17,6,0,3,2,0,0,2020_2021,covid
2020-12-23,Sampdoria,Sassuolo,2,3,A,0,1,A,,14,10,6,8,10,12,14,6,2,4,1,0,2020_2021,covid
2020-12-23,Spezia,Genoa,1,2,A,1,1,D,,7,7,5,6,18,19,4,2,3,4,0,0,2020_2021,covid
2020-12-23,Udinese,Benevento,0,2,A,0,1,A,,7,3,2,2,17,9,7,1,1,2,0,0,2020_2021,covid
2021-01-03,Inter,Crotone,6,2,H,2,2,D,,13,7,8,4,9,7,3,3,0,3,0,0,2020_2021,covid
2021-01-03,Atalanta,Sassuolo,5,1,H,2,0,H,,20,7,8,4,13,9,8,3,3,1,0,0,2020_2021,covid
2021-01-03,Cagliari,Napoli,1,4,A,0,1,A,,6,22,1,12,11,6,3,8,4,1,1,0,2020_2021,covid
2021-01-03,Fiorentina,Bologna,0,0,D,0,0,D,,10,5,1,4,8,11,8,5,4,3,0,0,2020_2021,covid
2021-01-03,Genoa,Lazio,1,1,D,0,1,A,,5,10,3,4,10,19,4,9,2,4,0,0,2020_2021,covid
2021-01-03,Parma,Torino,0,3,A,0,1,A,,15,14,6,8,20,16,9,3,2,2,0,0,2020_2021,covid
2021-01-03,Roma,Sampdoria,1,0,H,0,0,D,,12,2,8,2,17,14,8,2,3,5,0,0,2020_2021,covid
2021-01-03,Spezia,Verona,0,1,A,0,0,D,,6,9,1,4,22,10,3,5,6,0,1,0,2020_2021,covid
2021-01-03,Benevento,Milan,0,2,A,0,1,A,,14,8,7,5,9,14,12,4,1,3,0,1,2020_2021,covid
2021-01-03,Juventus,Udinese,4,1,H,1,0,H,,13,8,10,7,14,8,7,1,3,0,0,0,2020_2021,covid
2021-01-06,Cagliari,Benevento,1,2,A,1,2,A,,10,9,5,3,18,12,7,6,4,3,1,0,2020_2021,covid
2021-01-06,Atalanta,Parma,3,0,H,1,0,H,,17,3,6,1,10,6,12,3,1,1,0,0,2020_2021,covid
2021-01-06,Bologna,Udinese,2,2,D,2,1,H,,10,12,7,9,16,13,4,6,4,3,1,0,2020_2021,covid
2021-01-06,Crotone,Roma,1,3,A,0,3,A,,12,10,5,5,15,16,3,4,2,3,0,0,2020_2021,covid
2021-01-06,Lazio,Fiorentina,2,1,H,1,0,H,,11,9,6,8,11,11,2,9,3,1,0,0,2020_2021,covid
2021-01-06,Sampdoria,Inter,2,1,H,2,0,H,,8,23,6,11,13,18,4,10,3,4,0,0,2020_2021,covid
2021-01-06,Sassuolo,Genoa,2,1,H,0,0,D,,13,7,6,3,14,10,8,2,3,3,0,0,2020_2021,covid
2021-01-06,Torino,Verona,1,1,D,0,0,D,,15,8,5,2,12,18,9,3,1,3,0,0,2020_2021,covid
2021-01-06,Napoli,Spezia,1,2,A,0,0,D,,27,8,11,4,9,16,10,2,2,5,0,1,2020_2021,covid
2021-01-06,Milan,Juventus,1,3,A,1,1,D,,18,13,7,10,17,12,7,4,1,2,0,0,2020_2021,covid
2021-01-09,Benevento,Atalanta,1,4,A,0,1,A,,4,26,2,15,13,21,1,11,3,2,0,0,2020_2021,covid
2021-01-09,Genoa,Bologna,2,0,H,1,0,H,,9,12,7,4,11,9,1,4,2,0,0,0,2020_2021,covid
2021-01-09,Milan,Torino,2,0,H,2,0,H,,8,8,4,4,22,15,7,5,6,2,0,0,2020_2021,covid
2021-01-10,Roma,Inter,2,2,D,1,0,H,,14,16,8,6,18,11,3,7,3,3,0,0,2020_2021,covid
2021-01-10,Parma,Lazio,0,2,A,0,0,D,,9,21,3,5,11,6,5,6,4,1,0,0,2020_2021,covid
2021-01-10,Udinese,Napoli,1,2,A,1,1,D,,17,15,8,6,19,6,2,7,3,1,0,0,2020_2021,covid
2021-01-10,Verona,Crotone,2,1,H,2,0,H,,11,7,7,3,16,16,6,4,3,3,0,0,2020_2021,covid
2021-01-10,Fiorentina,Cagliari,1,0,H,0,0,D,,12,9,5,3,15,14,9,5,1,3,0,0,2020_2021,covid
2021-01-10,Juventus,Sassuolo,3,1,H,0,0,D,,20,10,10,2,11,4,6,3,4,1,0,1,2020_2021,covid
2021-01-11,Spezia,Sampdoria,2,1,H,1,1,D,,8,6,4,4,17,15,4,2,4,3,0,0,2020_2021,covid
2021-01-15,Lazio,Roma,3,0,H,2,0,H,,9,5,9,2,12,19,1,7,5,4,0,0,2020_2021,covid
2021-01-16,Bologna,Verona,1,0,H,1,0,H,,18,8,6,1,15,10,7,3,2,1,0,0,2020_2021,covid
2021-01-16,Torino,Spezia,0,0,D,0,0,D,,8,6,2,3,12,14,6,2,3,3,0,1,2020_2021,covid
2021-01-16,Sampdoria,Udinese,2,1,H,0,0,D,,15,14,8,7,8,11,11,5,1,1,0,0,2020_2021,covid
2021-01-17,Napoli,Fiorentina,6,0,H,4,0,H,,10,10,7,3,11,15,1,4,1,0,0,0,2020_2021,covid
2021-01-17,Crotone,Benevento,4,1,H,2,0,H,,6,14,3,6,14,14,4,13,1,3,0,1,2020_2021,covid
2021-01-17,Sassuolo,Parma,1,1,D,0,1,A,,15,11,6,2,18,11,5,2,3,2,0,0,2020_2021,covid
2021-01-17,Atalanta,Genoa,0,0,D,0,0,D,,15,6,4,3,15,13,9,1,1,2,0,0,2020_2021,covid
2021-01-17,Inter,Juventus,2,0,H,1,0,H,,16,8,6,4,8,14,3,4,2,2,0,0,2020_2021,covid
2021-01-18,Cagliari,Milan,0,2,A,0,1,A,,17,9,2,8,9,13,7,4,2,3,0,1,2020_2021,covid
2021-01-20,Udinese,Atalanta,1,1,D,1,1,D,,6,18,1,8,20,26,2,7,3,2,0,0,2020_2021,covid
2021-01-22,Benevento,Torino,2,2,D,1,0,H,,10,14,3,6,18,22,6,4,1,3,0,0,2020_2021,covid
2021-01-23,Roma,Spezia,4,3,H,1,1,D,,13,5,8,3,12,13,3,1,3,1,0,0,2020_2021,covid
2021-01-23,Milan,Atalanta,0,3,A,0,1,A,,10,19,3,10,11,14,5,7,2,1,0,0,2020_2021,covid
2021-01-23,Udinese,Inter,0,0,D,0,0,D,,6,10,1,4,11,16,3,4,3,2,0,0,2020_2021,covid
2021-01-23,Fiorentina,Crotone,2,1,H,2,0,H,,12,7,6,3,11,17,5,3,2,2,0,0,2020_2021,covid
2021-01-24,Juventus,Bologna,2,0,H,1,0,H,,22,12,12,3,11,17,7,6,3,2,0,0,2020_2021,covid
2021-01-24,Genoa,Cagliari,1,0,H,1,0,H,,8,13,6,7,11,6,4,7,1,2,0,0,2020_2021,covid
2021-01-24,Verona,Napoli,3,1,H,1,1,D,,15,12,7,4,13,8,3,3,2,3,0,0,2020_2021,covid
2021-01-24,Lazio,Sassuolo,2,1,H,1,1,D,,18,5,8,1,16,15,9,6,2,3,0,0,2020_2021,covid
2021-01-24,Parma,Sampdoria,0,2,A,0,2,A,,11,11,7,4,14,14,5,5,1,1,0,0,2020_2021,covid
2021-01-29,Torino,Fiorentina,1,1,D,0,0,D,,15,9,6,3,20,15,7,2,2,2,0,2,2020_2021,covid
2021-01-30,Bologna,Milan,1,2,A,0,1,A,,10,17,5,13,13,12,6,4,2,1,0,0,2020_2021,covid
2021-01-30,Sampdoria,Juventus,0,2,A,0,1,A,,6,10,2,4,11,10,5,7,4,2,0,0,2020_2021,covid
2021-01-30,Inter,Benevento,4,0,H,1,0,H,,13,0,8,0,9,14,7,3,0,2,0,0,2020_2021,covid
2021-01-31,Spezia,Udinese,0,1,A,0,0,D,,9,6,5,4,18,19,2,2,6,4,1,1,2020_2021,covid
2021-01-31,Atalanta,Lazio,1,3,A,0,1,A,,8,15,4,7,12,20,2,2,0,2,0,0,2020_2021,covid
2021-01-31,Cagliari,Sassuolo,1,1,D,0,0,D,,9,14,6,5,10,11,3,14,2,3,0,0,2020_2021,covid
2021-01-31,Crotone,Genoa,0,3,A,0,2,A,,9,10,4,6,15,22,3,11,3,1,0,0,2020_2021,covid
2021-01-31,Napoli,Parma,2,0,H,1,0,H,,10,4,6,1,15,16,7,6,2,4,0,0,2020_2021,covid
2021-01-31,Roma,Verona,3,1,H,3,0,H,,15,6,6,2,15,11,4,5,2,1,0,0,2020_2021,covid
2021-02-05,Fiorentina,Inter,0,2,A,0,1,A,,15,14,3,7,9,10,7,7,3,1,0,0,2020_2021,covid
2021-02-06,Atalanta,Torino,3,3,D,3,2,H,,9,19,4,11,24,17,4,3,3,2,0,0,2020_2021,covid
2021-02-06,Sassuolo,Spezia,1,2,A,1,1,D,,8,13,4,7,20,15,5,5,2,3,0,0,2020_2021,covid
2021-02-06,Juventus,Roma,2,0,H,1,0,H,,3,14,3,3,9,13,2,9,2,2,0,0,2020_2021,covid
2021-02-06,Genoa,Napoli,2,1,H,2,0,H,,4,24,2,11,13,11,1,6,2,3,0,0,2020_2021,covid
2021-02-07,Benevento,Sampdoria,1,1,D,0,0,D,,9,10,3,5,17,14,2,10,4,2,0,0,2020_2021,covid
2021-02-07,Milan,Crotone,4,0,H,1,0,H,,21,9,12,2,17,9,8,6,3,1,0,0,2020_2021,covid
2021-02-07,Udinese,Verona,2,0,H,0,0,D,,14,5,8,1,9,15,10,8,2,4,0,0,2020_2021,covid
2021-02-07,Parma,Bologna,0,3,A,0,2,A,,16,15,8,7,13,13,5,1,2,1,0,0,2020_2021,covid
2021-02-07,Lazio,Cagliari,1,0,H,0,0,D,,14,7,6,3,16,14,12,2,2,2,0,0,2020_2021,covid
2021-02-12,Bologna,Benevento,1,1,D,1,0,H,,11,13,3,8,17,10,8,3,3,2,0,0,2020_2021,covid
2021-02-13,Torino,Genoa,0,0,D,0,0,D,,10,6,2,3,13,15,3,5,2,4,0,0,2020_2021,covid
2021-02-13,Napoli,Juventus,1,0,H,1,0,H,,10,22,3,6,9,18,3,9,2,3,0,0,2020_2021,covid
2021-02-13,Spezia,Milan,2,0,H,0,0,D,,15,7,5,0,18,14,5,2,3,1,0,0,2020_2021,covid
2021-02-14,Roma,Udinese,3,0,H,2,0,H,,12,6,8,1,17,7,7,2,2,0,0,0,2020_2021,covid
2021-02-14,Cagliari,Atalanta,0,1,A,0,0,D,,4,10,1,5,17,14,6,6,3,3,0,0,2020_2021,covid
2021-02-14,Sampdoria,Fiorentina,2,1,H,1,1,D,,7,15,3,7,14,11,6,7,1,3,0,0,2020_2021,covid
2021-02-14,Crotone,Sassuolo,1,2,A,1,1,D,,9,21,6,4,15,17,7,8,1,1,0,0,2020_2021,covid
2021-02-14,Inter,Lazio,3,1,H,2,0,H,,11,12,7,7,7,4,4,0,2,1,0,0,2020_2021,covid
2021-02-15,Verona,Parma,2,1,H,1,1,D,,11,13,5,4,16,15,4,4,4,2,0,0,2020_2021,covid
2021-02-19,Fiorentina,Spezia,3,0,H,0,0,D,,10,11,5,3,20,11,0,6,4,0,0,0,2020_2021,covid
2021-02-19,Cagliari,Torino,0,1,A,0,0,D,,18,10,3,6,20,19,8,3,3,2,0,0,2020_2021,covid
2021-02-20,Lazio,Sampdoria,1,0,H,1,0,H,,11,11,8,2,14,17,4,5,4,3,0,0,2020_2021,covid
2021-02-20,Genoa,Verona,2,2,D,0,1,A,,12,9,4,4,11,17,5,1,1,1,0,0,2020_2021,covid
2021-02-20,Sassuolo,Bologna,1,1,D,0,1,A,,32,4,11,2,14,8,10,6,1,0,0,1,2020_2021,covid
2021-02-21,Parma,Udinese,2,2,D,2,0,H,,15,12,6,3,18,15,3,2,7,4,0,0,2020_2021,covid
2021-02-21,Milan,Inter,0,3,A,0,1,A,,16,16,10,8,9,10,7,7,2,1,0,0,2020_2021,covid
2021-02-21,Atalanta,Napoli,4,2,H,0,0,D,,15,5,7,4,20,11,6,2,2,1,0,0,2020_2021,covid
2021-02-21,Benevento,Roma,0,0,D,0,0,D,,6,14,3,8,11,18,1,9,4,1,1,0,2020_2021,covid
2021-02-22,Juventus,Crotone,3,0,H,2,0,H,,26,16,9,3,18,9,7,3,3,1,0,0,2020_2021,covid
2021-02-27,Spezia,Parma,2,2,D,0,2,A,,13,10,7,5,18,19,8,2,3,4,0,0,2020_2021,covid
2021-02-27,Bologna,Lazio,2,0,H,1,0,H,,14,19,8,7,9,18,4,7,1,2,0,0,2020_2021,covid
2021-02-27,Verona,Juventus,1,1,D,0,0,D,,13,15,6,6,18,14,8,5,2,2,0,0,2020_2021,covid
2021-02-28,Sampdoria,Atalanta,0,2,A,0,1,A,,7,20,3,11,7,17,5,6,1,3,0,0,2020_2021,covid
2021-02-28,Crotone,Cagliari,0,2,A,0,0,D,,11,9,4,4,17,14,7,4,2,4,0,1,2020_2021,covid
2021-02-28,Inter,Genoa,3,0,H,1,0,H,,23,3,14,2,12,8,9,1,0,2,0,0,2020_2021,covid
2021-02-28,Udinese,Fiorentina,1,0,H,0,0,D,,9,8,3,2,12,20,3,9,1,2,0,0,2020_2021,covid
2021-02-28,Napoli,Benevento,2,0,H,1,0,H,,20,4,8,4,13,15,8,2,3,2,1,0,2020_2021,covid
2021-02-28,Roma,Milan,1,2,A,0,1,A,,17,20,10,14,14,9,5,8,3,3,0,0,2020_2021,covid
2021-03-02,Juventus,Spezia,3,0,H,0,0,D,,20,10,9,2,14,13,5,10,2,0,0,0,2020_2021,covid
2021-03-03,Sassuolo,Napoli,3,3,D,2,1,H,,15,15,8,8,16,13,6,4,2,2,0,0,2020_2021,covid
2021-03-03,Atalanta,Crotone,5,1,H,1,1,D,,21,4,11,2,7,13,4,3,0,2,0,0,2020_2021,covid
2021-03-03,Benevento,Verona,0,3,A,0,2,A,,7,11,2,6,8,20,2,7,0,1,0,0,2020_2021,covid
2021-03-03,Cagliari,Bologna,1,0,H,1,0,H,,8,11,5,6,15,18,10,4,2,2,0,0,2020_2021,covid
2021-03-03,Fiorentina,Roma,1,2,A,0,0,D,,6,12,2,6,10,15,2,3,1,2,0,0,2020_2021,covid
2021-03-03,Genoa,Sampdoria,1,1,D,0,0,D,,8,10,2,6,16,16,2,4,1,0,0,0,2020_2021,covid
2021-03-03,Milan,Udinese,1,1,D,0,0,D,,11,6,7,2,21,11,7,2,4,1,0,0,2020_2021,covid
2021-03-04,Parma,Inter,1,2,A,0,0,D,,11,12,3,8,8,12,2,2,0,1,0,0,2020_2021,covid
2021-03-06,Spezia,Benevento,1,1,D,0,1,A,,14,5,7,2,13,17,3,1,2,4,0,0,2020_2021,covid
2021-03-06,Udinese,Sassuolo,2,0,H,1,0,H,,12,8,8,2,10,11,5,6,1,0,0,0,2020_2021,covid
2021-03-06,Juventus,Lazio,3,1,H,1,1,D,,8,13,5,5,10,13,4,4,0,1,0,0,2020_2021,covid
2021-03-07,Roma,Genoa,1,0,H,1,0,H,,18,7,4,2,15,15,7,1,1,4,0,0,2020_2021,covid
2021-03-07,Crotone,Torino,4,2,H,1,1,D,,19,17,10,6,19,22,8,8,4,2,0,1,2020_2021,covid
2021-03-07,Fiorentina,Parma,3,3,D,2,1,H,,6,11,5,6,19,16,3,3,0,3,0,0,2020_2021,covid
2021-03-07,Verona,Milan,0,2,A,0,1,A,,8,12,1,4,14,12,8,1,2,0,0,0,2020_2021,covid
2021-03-07,Sampdoria,Cagliari,2,2,D,0,1,A,,11,10,5,5,15,13,3,5,4,3,0,0,2020_2021,covid
2021-03-07,Napoli,Bologna,3,1,H,1,0,H,,15,17,8,7,12,13,6,3,2,0,0,0,2020_2021,covid
2021-03-08,Inter,Atalanta,1,0,H,0,0,D,,5,10,1,3,11,17,7,7,0,1,0,0,2020_2021,covid
2021-03-12,Lazio,Crotone,3,2,H,2,1,H,,23,6,9,3,10,11,5,1,0,3,0,0,2020_2021,covid
2021-03-12,Atalanta,Spezia,3,1,H,0,0,D,,14,6,9,3,17,6,3,5,2,0,0,0,2020_2021,covid
2021-03-13,Sassuolo,Verona,3,2,H,1,1,D,,14,12,8,7,15,18,6,5,3,2,0,0,2020_2021,covid
2021-03-13,Benevento,Fiorentina,1,4,A,0,3,A,,16,11,6,7,15,18,8,3,3,1,0,0,2020_2021,covid
2021-03-13,Genoa,Udinese,1,1,D,1,1,D,,10,9,3,3,14,6,6,3,3,1,0,0,2020_2021,covid
2021-03-14,Bologna,Sampdoria,3,1,H,2,1,H,,10,20,7,9,16,11,2,6,2,2,0,0,2020_2021,covid
2021-03-14,Parma,Roma,2,0,H,1,0,H,,5,20,4,6,18,16,0,12,3,3,0,0,2020_2021,covid
2021-03-14,Torino,Inter,1,2,A,0,0,D,,6,13,4,4,11,12,1,8,0,1,0,0,2020_2021,covid
2021-03-14,Cagliari,Juventus,1,3,A,0,3,A,,15,9,7,7,12,16,8,5,0,2,0,0,2020_2021,covid
2021-03-14,Milan,Napoli,0,1,A,0,0,D,,12,14,4,5,12,10,5,4,1,3,1,0,2020_2021,covid
2021-03-17,Torino,Sassuolo,3,2,H,0,2,A,,23,12,15,5,10,16,6,3,1,2,0,0,2020_2021,covid
2021-03-19,Parma,Genoa,1,2,A,1,0,H,,12,7,9,3,22,8,1,3,5,2,0,0,2020_2021,covid
2021-03-20,Crotone,Bologna,2,3,A,2,0,H,,15,19,7,10,11,16,10,3,4,7,0,0,2020_2021,covid
2021-03-20,Spezia,Cagliari,2,1,H,0,0,D,,12,11,6,7,13,16,4,4,1,2,0,0,2020_2021,covid
2021-03-21,Verona,Atalanta,0,2,A,0,2,A,,3,14,1,8,23,20,4,7,3,2,0,0,2020_2021,covid
2021-03-21,Juventus,Benevento,0,1,A,0,0,D,,23,7,9,1,12,13,9,1,2,4,0,0,2020_2021,covid
2021-03-21,Sampdoria,Torino,1,0,H,1,0,H,,7,9,5,1,15,18,1,7,0,1,0,0,2020_2021,covid
2021-03-21,Udinese,Lazio,0,1,A,0,1,A,,14,16,6,8,9,13,6,11,1,3,0,0,2020_2021,covid
2021-03-21,Fiorentina,Milan,2,3,A,1,1,D,,9,14,4,6,6,11,8,8,1,3,0,0,2020_2021,covid
2021-03-21,Roma,Napoli,0,2,A,0,2,A,,7,10,5,5,18,13,6,4,5,3,0,0,2020_2021,covid
2021-04-03,Milan,Sampdoria,1,1,D,0,0,D,,14,5,5,4,15,16,5,5,2,5,0,1,2020_2021,covid
2021-04-03,Atalanta,Udinese,3,2,H,2,1,H,,22,8,11,4,15,9,4,1,0,2,0,0,2020_2021,covid
2021-04-03,Benevento,Parma,2,2,D,1,0,H,,4,15,4,7,21,18,3,3,2,1,0,0,2020_2021,covid
2021-04-03,Cagliari,Verona,0,2,A,0,0,D,,15,9,4,5,17,18,6,5,1,3,0,0,2020_2021,covid
2021-04-03,Genoa,Fiorentina,1,1,D,1,1,D,,8,11,2,3,17,10,4,2,2,1,0,1,2020_2021,covid
2021-04-03,Lazio,Spezia,2,1,H,0,0,D,,11,7,5,3,18,21,3,4,3,3,2,0,2020_2021,covid
2021-04-03,Napoli,Crotone,4,3,H,3,1,H,,28,8,11,4,5,17,4,6,0,4,0,0,2020_2021,covid
2021-04-03,Sassuolo,Roma,2,2,D,0,1,A,,12,12,6,9,15,15,3,4,4,3,0,0,2020_2021,covid
2021-04-03,Torino,Juventus,2,2,D,1,1,D,,10,18,7,9,16,15,5,6,3,2,0,0,2020_2021,covid
2021-04-03,Bologna,Inter,0,1,A,0,1,A,,12,12,3,5,17,15,4,4,4,4,0,0,2020_2021,covid
2021-04-07,Inter,Sassuolo,2,1,H,1,0,H,,8,14,5,5,8,13,1,8,2,3,0,0,2020_2021,covid
2021-04-07,Juventus,Napoli,2,1,H,1,0,H,,12,15,3,5,17,12,2,6,1,2,0,0,2020_2021,covid
2021-04-10,Spezia,Crotone,3,2,H,0,1,A,,9,9,7,6,12,15,3,4,1,1,0,0,2020_2021,covid
2021-04-10,Parma,Milan,1,3,A,0,2,A,,15,11,5,7,14,11,7,3,4,4,0,1,2020_2021,covid
2021-04-10,Udinese,Torino,0,1,A,0,0,D,,12,9,5,2,21,19,5,4,0,3,0,0,2020_2021,covid
2021-04-11,Inter,Cagliari,1,0,H,0,0,D,,15,8,8,2,10,12,5,0,1,1,0,0,2020_2021,covid
2021-04-11,Juventus,Genoa,3,1,H,2,0,H,,23,11,14,3,15,11,8,6,3,3,0,0,2020_2021,covid
2021-04-11,Sampdoria,Napoli,0,2,A,0,1,A,,11,20,5,9,14,10,8,7,0,3,0,0,2020_2021,covid
2021-04-11,Verona,Lazio,0,1,A,0,0,D,,4,14,1,5,15,13,5,4,0,2,0,0,2020_2021,covid
2021-04-11,Roma,Bologna,1,0,H,1,0,H,,14,11,7,5,14,14,4,6,3,2,0,0,2020_2021,covid
2021-04-11,Fiorentina,Atalanta,2,3,A,0,2,A,,8,14,2,9,15,13,0,6,3,1,0,0,2020_2021,covid
2021-04-12,Benevento,Sassuolo,0,1,A,0,1,A,,9,14,5,4,12,14,3,8,3,2,0,0,2020_2021,covid
2021-04-17,Crotone,Udinese,1,2,A,0,1,A,,7,14,3,7,12,19,5,7,0,2,0,1,2020_2021,covid
2021-04-17,Sampdoria,Verona,3,1,H,0,1,A,,12,18,5,8,16,14,5,7,3,3,0,0,2020_2021,covid
2021-04-17,Sassuolo,Fiorentina,3,1,H,0,1,A,,11,7,6,6,8,16,3,4,3,5,0,0,2020_2021,covid
2021-04-17,Cagliari,Parma,4,3,H,1,2,A,,23,11,9,6,14,12,0,4,4,2,0,0,2020_2021,covid
2021-04-18,Milan,Genoa,2,1,H,1,1,D,,18,11,5,6,10,13,5,4,0,1,0,0,2020_2021,covid
2021-04-18,Atalanta,Juventus,1,0,H,0,0,D,,12,12,2,3,18,15,3,8,3,2,0,0,2020_2021,covid
2021-04-18,Bologna,Spezia,4,1,H,2,1,H,,10,9,7,5,15,12,4,8,1,1,0,0,2020_2021,covid
2021-04-18,Lazio,Benevento,5,3,H,3,1,H,,12,16,8,8,14,11,5,4,2,3,0,0,2020_2021,covid
2021-04-18,Torino,Roma,3,1,H,0,1,A,,23,9,11,4,13,13,11,3,2,2,0,1,2020_2021,covid
2021-04-18,Napoli,Inter,1,1,D,1,0,H,,12,10,3,5,12,12,3,3,5,2,0,0,2020_2021,covid
2021-04-20,Verona,Fiorentina,1,2,A,0,1,A,,11,7,7,5,16,20,5,3,2,3,0,0,2020_2021,covid
2021-04-21,Milan,Sassuolo,1,2,A,1,0,H,,18,15,7,7,18,13,3,7,0,1,0,0,2020_2021,covid
2021-04-21,Bologna,Torino,1,1,D,1,0,H,,9,18,2,5,25,15,3,7,4,2,0,0,2020_2021,covid
2021-04-21,Crotone,Sampdoria,0,1,A,0,0,D,,7,11,4,5,13,7,2,6,1,1,0,0,2020_2021,covid
2021-04-21,Genoa,Benevento,2,2,D,2,2,D,,10,8,5,2,14,18,3,0,2,0,0,0,2020_2021,covid
2021-04-21,Juventus,Parma,3,1,H,1,1,D,,14,10,8,4,12,18,6,6,2,2,0,0,2020_2021,covid
2021-04-21,Spezia,Inter,1,1,D,1,1,D,,1,15,1,6,9,7,0,8,2,0,0,0,2020_2021,covid
2021-04-21,Udinese,Cagliari,0,1,A,0,0,D,,14,13,4,5,11,14,2,5,0,2,0,0,2020_2021,covid
2021-04-22,Roma,Atalanta,1,1,D,0,1,A,,14,22,3,9,16,7,4,8,4,2,1,1,2020_2021,covid
2021-04-22,Napoli,Lazio,5,2,H,2,0,H,,10,14,8,4,7,18,2,3,4,4,0,0,2020_2021,covid
2021-04-24,Genoa,Spezia,2,0,H,0,0,D,,11,7,6,1,18,14,0,3,2,2,0,0,2020_2021,covid
2021-04-24,Parma,Crotone,3,4,A,1,3,A,,15,13,4,5,15,11,7,5,3,2,0,0,2020_2021,covid
2021-04-24,Sassuolo,Sampdoria,1,0,H,0,0,D,,14,9,8,3,15,10,8,3,0,0,0,0,2020_2021,covid
2021-04-25,Benevento,Udinese,2,4,A,1,2,A,,22,10,9,7,18,20,11,2,2,2,0,0,2020_2021,covid
2021-04-25,Fiorentina,Juventus,1,1,D,1,0,H,,11,7,6,1,13,16,7,2,3,1,0,0,2020_2021,covid
2021-04-25,Inter,Verona,1,0,H,0,0,D,,10,12,4,1,7,13,3,8,0,3,0,0,2020_2021,covid
2021-04-25,Cagliari,Roma,3,2,H,1,1,D,,10,12,6,7,14,17,4,10,3,1,0,0,2020_2021,covid
2021-04-25,Atalanta,Bologna,5,0,H,2,0,H,,26,9,12,3,11,8,8,3,0,1,0,1,2020_2021,covid
2021-04-26,Torino,Napoli,0,2,A,0,2,A,,15,25,6,10,16,15,8,11,3,1,1,0,2020_2021,covid
2021-04-26,Lazio,Milan,3,0,H,1,0,H,,14,15,6,6,10,11,1,9,2,0,0,0,2020_2021,covid
2021-05-01,Verona,Spezia,1,1,D,0,0,D,,7,12,6,2,27,16,5,5,6,2,0,0,2020_2021,covid
2021-05-01,Crotone,Inter,0,2,A,0,0,D,,6,23,1,10,10,9,4,11,1,2,0,0,2020_2021,covid
2021-05-01,Milan,Benevento,2,0,H,1,0,H,,20,14,11,2,16,8,6,7,2,0,0,0,2020_2021,covid
2021-05-02,Lazio,Genoa,4,3,H,2,0,H,,18,10,12,5,13,12,7,4,3,4,0,0,2020_2021,covid
2021-05-02,Bologna,Fiorentina,3,3,D,1,1,D,,11,9,6,4,16,12,3,5,2,2,0,0,2020_2021,covid
2021-05-02,Napoli,Cagliari,1,1,D,1,0,H,,18,12,6,7,8,14,3,1,1,3,0,0,2020_2021,covid
2021-05-02,Sassuolo,Atalanta,1,1,D,0,1,A,,12,10,7,9,18,12,4,4,6,1,1,1,2020_2021,covid
2021-05-02,Udinese,Juventus,1,2,A,1,0,H,,7,13,2,4,14,18,2,6,3,0,0,0,2020_2021,covid
2021-05-02,Sampdoria,Roma,2,0,H,1,0,H,,12,10,9,5,14,13,8,8,0,3,0,0,2020_2021,covid
2021-05-03,Torino,Parma,1,0,H,0,0,D,,13,8,5,1,10,17,5,2,0,3,0,0,2020_2021,covid
2021-05-08,Spezia,Napoli,1,4,A,0,3,A,,6,13,3,7,15,18,1,2,3,2,0,0,2020_2021,covid
2021-05-08,Udinese,Bologna,1,1,D,1,0,H,,9,16,5,4,12,18,5,10,1,1,0,0,2020_2021,covid
2021-05-08,Inter,Sampdoria,5,1,H,3,1,H,,12,13,7,4,10,14,2,8,0,2,0,0,2020_2021,covid
2021-05-08,Fiorentina,Lazio,2,0,H,1,0,H,,9,8,5,3,12,14,5,7,4,8,0,1,2020_2021,covid
2021-05-09,Genoa,Sassuolo,1,2,A,0,1,A,,13,13,5,7,17,15,8,2,2,0,0,0,2020_2021,covid
2021-05-09,Benevento,Cagliari,1,3,A,1,1,D,,7,7,7,4,17,20,4,5,2,2,0,0,2020_2021,covid
2021-05-09,Parma,Atalanta,2,5,A,0,1,A,,5,18,2,13,12,15,1,3,1,1,0,0,2020_2021,covid
2021-05-09,Verona,Torino,1,1,D,0,0,D,,19,6,7,4,16,22,9,3,3,3,0,0,2020_2021,covid
2021-05-09,Roma,Crotone,5,0,H,0,0,D,,20,7,13,2,10,11,8,4,2,0,0,0,2020_2021,covid
2021-05-09,Juventus,Milan,0,3,A,0,1,A,,16,11,4,6,17,12,8,2,2,2,0,0,2020_2021,covid
2021-05-11,Napoli,Udinese,5,1,H,2,1,H,,21,5,12,2,8,14,8,3,0,1,0,0,2020_2021,covid
2021-05-12,Cagliari,Fiorentina,0,0,D,0,0,D,,7,2,1,0,18,10,3,1,1,2,0,0,2020_2021,covid
2021-05-12,Atalanta,Benevento,2,0,H,1,0,H,,14,3,4,1,19,11,7,5,2,5,0,1,2020_2021,covid
2021-05-12,Bologna,Genoa,0,2,A,0,1,A,,17,12,8,9,9,11,12,4,1,3,0,0,2020_2021,covid
2021-05-12,Inter,Roma,3,1,H,2,1,H,,13,17,5,6,4,12,5,8,0,4,0,0,2020_2021,covid
2021-05-12,Lazio,Parma,1,0,H,0,0,D,,14,11,6,5,13,14,7,2,1,3,0,0,2020_2021,covid
2021-05-12,Sampdoria,Spezia,2,2,D,1,1,D,,14,12,6,7,9,17,5,5,2,2,0,0,2020_2021,covid
2021-05-12,Sassuolo,Juventus,1,3,A,0,2,A,,17,14,3,8,10,12,3,5,1,2,0,0,2020_2021,covid
2021-05-12,Torino,Milan,0,7,A,0,2,A,,14,14,1,11,13,15,2,3,2,1,0,0,2020_2021,covid
2021-05-13,Crotone,Verona,2,1,H,1,0,H,,9,11,4,2,20,11,0,9,3,1,0,0,2020_2021,covid
2021-05-15,Genoa,Atalanta,3,4,A,0,3,A,,10,14,7,7,13,8,2,4,1,2,0,0,2020_2021,covid
2021-05-15,Spezia,Torino,4,1,H,2,0,H,,14,6,11,3,25,17,3,6,3,5,0,0,2020_2021,covid
2021-05-15,Juventus,Inter,3,2,H,2,1,H,,13,7,7,3,10,18,4,3,5,5,1,1,2020_2021,covid
2021-05-15,Roma,Lazio,2,0,H,1,0,H,,13,10,2,5,8,8,4,4,2,2,0,1,2020_2021,covid
2021-05-16,Fiorentina,Napoli,0,2,A,0,0,D,,7,18,3,8,15,9,3,6,5,1,1,0,2020_2021,covid
2021-05-16,Benevento,Crotone,1,1,D,1,0,H,,19,6,11,2,12,19,8,4,2,2,0,1,2020_2021,covid
2021-05-16,Udinese,Sampdoria,0,1,A,0,0,D,,9,15,2,6,12,13,6,3,3,1,0,0,2020_2021,covid
2021-05-16,Parma,Sassuolo,1,3,A,1,1,D,,16,15,8,12,13,13,2,12,1,0,0,0,2020_2021,covid
2021-05-16,Milan,Cagliari,0,0,D,0,0,D,,20,6,4,2,8,8,9,7,2,2,0,0,2020_2021,covid
2021-05-17,Verona,Bologna,2,2,D,1,1,D,,11,13,5,5,19,17,4,4,3,3,0,0,2020_2021,covid
2021-05-18,Lazio,Torino,0,0,D,0,0,D,,21,6,11,4,11,13,4,0,4,0,0,0,2020_2021,covid
2021-05-22,Cagliari,Genoa,0,1,A,0,1,A,,16,11,7,5,9,13,8,4,1,4,0,1,2020_2021,covid
2021-05-22,Crotone,Fiorentina,0,0,D,0,0,D,,12,11,4,3,11,10,6,5,2,2,0,0,2020_2021,covid
2021-05-22,Sampdoria,Parma,3,0,H,2,0,H,,12,11,4,1,10,12,2,4,1,1,0,0,2020_2021,covid
2021-05-23,Inter,Udinese,5,1,H,2,0,H,,14,8,9,2,13,16,3,2,1,0,0,0,2020_2021,covid
2021-05-23,Atalanta,Milan,0,2,A,0,1,A,,11,7,1,3,17,11,3,0,3,3,1,0,2020_2021,covid
2021-05-23,Bologna,Juventus,1,4,A,0,3,A,,18,19,5,11,7,16,3,0,1,2,0,0,2020_2021,covid
2021-05-23,Napoli,Verona,1,1,D,0,0,D,,16,7,3,4,13,25,5,3,3,4,0,0,2020_2021,covid
2021-05-23,Sassuolo,Lazio,2,0,H,1,0,H,,10,9,5,2,11,15,3,3,2,1,1,0,2020_2021,covid
2021-05-23,Spezia,Roma,2,2,D,2,0,H,,18,14,9,10,13,14,5,2,0,1,0,0,2020_2021,covid
2021-05-23,Torino,Benevento,1,1,D,1,0,H,,12,9,7,3,17,10,8,3,0,2,0,0,2020_2021,covid
2024-08-17,Genoa,Inter,2,2,D,1,1,D,,10,14,6,9,15,14,1,4,1,2,0,0,2024_2025,normal
2024-08-17,Parma,Fiorentina,1,1,D,1,0,H,,13,14,5,7,15,9,4,9,3,2,0,1,2024_2025,normal
2024-08-17,Empoli,Monza,0,0,D,0,0,D,,9,4,1,1,16,19,7,3,0,2,0,0,2024_2025,normal
2024-08-17,Milan,Torino,2,2,D,0,1,A,,20,6,6,3,10,7,9,2,2,4,0,0,2024_2025,normal
2024-08-18,Bologna,Udinese,1,1,D,0,0,D,,22,4,7,2,15,13,7,5,0,4,0,0,2024_2025,normal
2024-08-18,Verona,Napoli,3,0,H,0,0,D,,8,15,5,5,15,13,1,5,4,1,0,0,2024_2025,normal
2024-08-18,Cagliari,Roma,0,0,D,0,0,D,,12,13,2,3,15,7,5,3,2,0,0,0,2024_2025,normal
2024-08-18,Lazio,Venezia,3,1,H,2,1,H,,13,11,6,3,14,11,6,3,1,2,0,0,2024_2025,normal
2024-08-19,Lecce,Atalanta,0,4,A,0,2,A,,19,10,5,6,10,24,5,3,0,2,0,0,2024_2025,normal
2024-08-19,Juventus,Como,3,0,H,2,0,H,,12,1,9,1,12,6,3,0,2,4,0,0,2024_2025,normal
2024-08-24,Parma,Milan,2,1,H,1,0,H,,8,17,5,5,9,13,3,9,0,3,0,0,2024_2025,normal
2024-08-24,Udinese,Lazio,2,1,H,1,0,H,,8,17,3,5,15,10,4,13,0,0,1,0,2024_2025,normal
2024-08-24,Inter,Lecce,2,0,H,1,0,H,,11,10,3,4,9,12,10,6,0,2,0,0,2024_2025,normal
2024-08-24,Monza,Genoa,0,1,A,0,1,A,,9,11,2,1,6,17,8,3,2,3,0,0,2024_2025,normal
2024-08-25,Fiorentina,Venezia,0,0,D,0,0,D,,12,7,8,4,13,19,7,3,1,2,0,0,2024_2025,normal
2024-08-25,Torino,Atalanta,2,1,H,1,1,D,,13,24,6,8,8,13,4,6,3,4,0,0,2024_2025,normal
2024-08-25,Napoli,Bologna,3,0,H,1,0,H,,16,9,5,2,11,17,7,5,2,2,0,0,2024_2025,normal
2024-08-25,Roma,Empoli,1,2,A,0,1,A,,17,10,6,3,10,9,8,5,0,3,0,0,2024_2025,normal
2024-08-26,Cagliari,Como,1,1,D,1,0,H,,11,13,5,4,12,10,5,6,2,2,0,0,2024_2025,normal
2024-08-26,Verona,Juventus,0,3,A,0,2,A,,7,7,1,5,8,8,4,1,2,0,0,0,2024_2025,normal
2024-08-30,Venezia,Torino,0,1,A,0,0,D,,13,12,4,6,7,15,3,3,2,4,0,0,2024_2025,normal
2024-08-30,Inter,Atalanta,4,0,H,2,0,H,,13,11,5,1,6,15,3,4,0,2,0,0,2024_2025,normal
2024-08-31,Bologna,Empoli,1,1,D,1,1,D,,14,4,3,2,15,18,6,3,0,3,0,0,2024_2025,normal
2024-08-31,Lecce,Cagliari,1,0,H,1,0,H,,17,21,4,2,10,13,7,10,1,3,1,0,2024_2025,normal
2024-08-31,Lazio,Milan,2,2,D,0,1,A,,7,10,5,4,12,9,5,7,4,2,0,0,2024_2025,normal
2024-08-31,Napoli,Parma,2,1,H,0,1,A,,29,13,7,2,12,6,6,4,2,4,0,1,2024_2025,normal
2024-09-01,Fiorentina,Monza,2,2,D,1,2,A,,15,4,5,3,11,21,6,0,2,4,0,0,2024_2025,normal
2024-09-01,Genoa,Verona,0,2,A,0,0,D,,11,10,1,3,8,16,3,1,2,6,0,0,2024_2025,normal
2024-09-01,Juventus,Roma,0,0,D,0,0,D,,8,7,1,1,11,12,6,4,2,2,0,0,2024_2025,normal
2024-09-01,Udinese,Como,1,0,H,1,0,H,,10,21,3,4,16,9,4,6,3,0,0,0,2024_2025,normal
2024-09-14,Como,Bologna,2,2,D,1,0,H,,14,14,4,4,17,12,4,3,2,1,0,0,2024_2025,normal
2024-09-14,Empoli,Juventus,0,0,D,0,0,D,,8,15,3,3,11,10,4,8,1,2,0,0,2024_2025,normal
2024-09-14,Milan,Venezia,4,0,H,4,0,H,,12,6,8,1,12,12,6,1,1,3,0,1,2024_2025,normal
2024-09-15,Genoa,Roma,1,1,D,0,1,A,,20,16,8,6,9,12,4,5,1,3,0,0,2024_2025,normal
2024-09-15,Atalanta,Fiorentina,3,2,H,3,2,H,,13,13,7,5,16,15,4,2,2,3,0,0,2024_2025,normal
2024-09-15,Torino,Lecce,0,0,D,0,0,D,,5,20,0,6,13,13,2,7,1,3,0,0,2024_2025,normal
2024-09-15,Cagliari,Napoli,0,4,A,0,1,A,,16,12,3,5,22,11,7,4,1,2,0,0,2024_2025,normal
2024-09-15,Monza,Inter,1,1,D,0,0,D,,5,16,2,2,11,19,1,8,1,2,0,0,2024_2025,normal
2024-09-16,Parma,Udinese,2,3,A,2,0,H,,9,18,3,6,8,18,5,6,2,3,1,0,2024_2025,normal
2024-09-16,Lazio,Verona,2,1,H,2,1,H,,14,7,7,2,13,10,9,6,2,2,0,0,2024_2025,normal
2024-09-20,Cagliari,Empoli,0,2,A,0,1,A,,21,9,2,4,15,21,10,4,1,2,0,0,2024_2025,normal
2024-09-20,Verona,Torino,2,3,A,1,2,A,,8,16,2,3,10,8,5,6,3,1,1,0,2024_2025,normal
2024-09-21,Venezia,Genoa,2,0,H,0,0,D,,12,9,4,0,9,12,3,4,2,3,0,0,2024_2025,normal
2024-09-21,Juventus,Napoli,0,0,D,0,0,D,,9,8,1,1,10,13,4,3,1,0,0,0,2024_2025,normal
2024-09-21,Lecce,Parma,2,2,D,1,0,H,,14,24,3,10,12,11,2,12,4,0,1,1,2024_2025,normal
2024-09-22,Fiorentina,Lazio,2,1,H,0,1,A,,14,20,5,6,11,15,3,10,3,4,0,0,2024_2025,normal
2024-09-22,Monza,Bologna,1,2,A,1,1,D,,6,15,3,8,20,16,2,2,3,2,0,0,2024_2025,normal
2024-09-22,Roma,Udinese,3,0,H,1,0,H,,14,9,6,3,15,11,2,1,2,2,0,0,2024_2025,normal
2024-09-22,Inter,Milan,1,2,A,1,1,D,,13,16,4,8,13,4,6,2,4,1,0,0,2024_2025,normal
2024-09-24,Atalanta,Como,2,3,A,1,0,H,,8,14,5,7,12,17,6,2,1,3,0,0,2024_2025,normal
2024-09-27,Milan,Lecce,3,0,H,3,0,H,,15,16,6,7,5,8,4,7,1,1,1,0,2024_2025,normal
2024-09-28,Udinese,Inter,2,3,A,1,2,A,,10,16,3,7,13,6,7,3,1,0,0,0,2024_2025,normal
2024-09-28,Genoa,Juventus,0,3,A,0,0,D,,7,12,2,3,8,14,5,3,2,1,0,0,2024_2025,normal
2024-09-28,Bologna,Atalanta,1,1,D,0,0,D,,5,23,1,5,16,12,2,9,3,3,1,0,2024_2025,normal
2024-09-29,Torino,Lazio,2,3,A,0,1,A,,12,13,7,7,10,13,3,1,2,3,0,0,2024_2025,normal
2024-09-29,Como,Verona,3,2,H,1,0,H,,24,6,11,3,10,19,9,1,2,5,0,1,2024_2025,normal
2024-09-29,Roma,Venezia,2,1,H,0,1,A,,22,18,5,7,8,13,6,3,1,2,0,0,2024_2025,normal
2024-09-29,Empoli,Fiorentina,0,0,D,0,0,D,,8,13,1,0,15,12,2,4,0,1,0,0,2024_2025,normal
2024-09-29,Napoli,Monza,2,0,H,2,0,H,,11,5,2,1,16,8,1,3,1,2,0,0,2024_2025,normal
2024-09-30,Parma,Cagliari,2,3,A,0,1,A,,18,11,4,4,10,16,5,3,3,2,0,0,2024_2025,normal
2024-10-04,Napoli,Como,3,1,H,1,1,D,,9,11,6,2,7,10,4,1,1,1,0,0,2024_2025,normal
2024-10-04,Verona,Venezia,2,1,H,1,1,D,,13,11,4,2,10,7,13,6,3,0,0,0,2024_2025,normal
2024-10-05,Udinese,Lecce,1,0,H,0,0,D,,13,9,4,3,12,16,5,0,2,2,0,0,2024_2025,normal
2024-10-05,Atalanta,Genoa,5,1,H,1,0,H,,23,7,8,2,9,15,4,2,0,0,0,0,2024_2025,normal
2024-10-05,Inter,Torino,3,2,H,2,1,H,,29,7,8,5,6,9,14,0,1,2,0,1,2024_2025,normal
2024-10-06,Juventus,Cagliari,1,1,D,1,0,H,,21,9,9,2,13,10,8,3,5,2,1,0,2024_2025,normal
2024-10-06,Bologna,Parma,0,0,D,0,0,D,,19,13,3,2,15,16,13,6,1,0,0,1,2024_2025,normal
2024-10-06,Lazio,Empoli,2,1,H,1,1,D,,16,7,6,2,10,17,5,3,2,4,0,0,2024_2025,normal
2024-10-06,Monza,Roma,1,1,D,0,0,D,,3,15,3,4,16,13,1,3,3,1,0,0,2024_2025,normal
2024-10-06,Fiorentina,Milan,2,1,H,1,0,H,,12,16,3,8,11,21,0,7,2,3,0,1,2024_2025,normal
2024-10-19,Como,Parma,1,1,D,1,1,D,,11,9,3,3,14,10,7,4,1,2,0,0,2024_2025,normal
2024-10-19,Genoa,Bologna,2,2,D,0,1,A,,10,12,4,7,20,12,1,7,2,0,0,0,2024_2025,normal
2024-10-19,Milan,Udinese,1,0,H,1,0,H,,10,13,5,1,3,14,8,4,2,3,1,0,2024_2025,normal
2024-10-19,Juventus,Lazio,1,0,H,0,0,D,,16,2,3,1,16,9,7,1,4,2,0,1,2024_2025,normal
2024-10-20,Empoli,Napoli,0,1,A,0,0,D,,11,9,4,1,14,13,7,7,2,2,0,0,2024_2025,normal
2024-10-20,Lecce,Fiorentina,0,6,A,0,3,A,,5,19,2,11,8,14,1,3,0,5,1,0,2024_2025,normal
2024-10-20,Venezia,Atalanta,0,2,A,0,1,A,,12,16,4,7,12,6,2,5,1,1,0,0,2024_2025,normal
2024-10-20,Cagliari,Torino,3,2,H,1,1,D,,18,17,5,5,9,8,9,12,1,3,0,0,2024_2025,normal
2024-10-20,Roma,Inter,0,1,A,0,0,D,,14,11,3,6,12,13,3,3,2,3,0,0,2024_2025,normal
2024-10-21,Verona,Monza,0,3,A,0,1,A,,16,10,4,4,8,13,9,6,3,2,0,0,2024_2025,normal
2024-10-25,Udinese,Cagliari,2,0,H,1,0,H,,13,3,4,0,13,9,2,4,2,3,0,1,2024_2025,normal
2024-10-25,Torino,Como,1,0,H,0,0,D,,8,20,2,6,13,12,1,3,3,3,0,0,2024_2025,normal
2024-10-26,Napoli,Lecce,1,0,H,0,0,D,,24,11,8,2,13,7,16,5,3,2,0,0,2024_2025,normal
2024-10-26,Atalanta,Verona,6,1,H,5,1,H,,19,4,10,2,3,15,4,2,0,1,0,0,2024_2025,normal
2024-10-27,Parma,Empoli,1,1,D,0,1,A,,17,6,4,2,12,17,9,3,4,5,0,0,2024_2025,normal
2024-10-27,Lazio,Genoa,3,0,H,1,0,H,,18,6,4,2,12,6,7,4,3,1,0,0,2024_2025,normal
2024-10-27,Monza,Venezia,2,2,D,2,2,D,,13,6,2,2,17,16,4,3,4,2,1,0,2024_2025,normal
2024-10-27,Inter,Juventus,4,4,D,3,2,H,,18,10,9,5,11,16,13,5,2,1,0,0,2024_2025,normal
2024-10-27,Fiorentina,Roma,5,1,H,3,1,H,,21,14,10,5,13,11,6,2,2,5,0,1,2024_2025,normal
2024-10-29,Cagliari,Bologna,0,2,A,0,1,A,,14,11,2,4,17,18,7,2,2,2,0,0,2024_2025,normal
2024-10-29,Lecce,Verona,1,0,H,0,0,D,,14,7,6,1,14,21,3,4,1,3,0,2,2024_2025,normal
2024-10-29,Milan,Napoli,0,2,A,0,2,A,,13,9,5,4,14,6,5,1,0,1,0,0,2024_2025,normal
2024-10-30,Empoli,Inter,0,3,A,0,0,D,,6,15,1,5,12,13,1,4,1,1,1,0,2024_2025,normal
2024-10-30,Venezia,Udinese,3,2,H,1,2,A,,18,15,7,5,9,13,2,6,3,4,0,1,2024_2025,normal
2024-10-30,Atalanta,Monza,2,0,H,0,0,D,,16,4,6,3,14,11,5,1,2,3,0,0,2024_2025,normal
2024-10-30,Juventus,Parma,2,2,D,1,2,A,,24,13,6,5,7,5,10,6,2,0,0,0,2024_2025,normal
2024-10-31,Genoa,Fiorentina,0,1,A,0,0,D,,14,12,4,4,13,10,4,4,4,2,0,0,2024_2025,normal
2024-10-31,Como,Lazio,1,5,A,0,2,A,,14,14,2,7,14,18,3,5,2,5,1,1,2024_2025,normal
2024-10-31,Roma,Torino,1,0,H,1,0,H,,10,4,3,2,11,15,3,5,2,2,0,0,2024_2025,normal
2024-11-02,Bologna,Lecce,1,0,H,0,0,D,,20,6,4,0,9,14,9,1,2,2,0,0,2024_2025,normal
2024-11-02,Udinese,Juventus,0,2,A,0,2,A,,11,11,2,5,12,14,10,3,2,2,0,0,2024_2025,normal
2024-11-02,Monza,Milan,0,1,A,0,1,A,,12,18,2,7,18,15,3,5,2,1,0,0,2024_2025,normal
2024-11-03,Napoli,Atalanta,0,3,A,0,2,A,,13,12,3,3,10,8,4,3,1,3,0,0,2024_2025,normal
2024-11-03,Torino,Fiorentina,0,1,A,0,1,A,,9,8,1,3,16,12,1,3,2,1,0,0,2024_2025,normal
2024-11-03,Verona,Roma,3,2,H,2,1,H,,7,14,3,3,16,11,2,2,2,2,1,0,2024_2025,normal
2024-11-03,Inter,Venezia,1,0,H,0,0,D,,20,7,8,2,14,15,9,3,2,1,0,0,2024_2025,normal
2024-11-04,Empoli,Como,1,0,H,0,0,D,,9,12,4,2,17,9,3,6,1,0,0,0,2024_2025,normal
2024-11-04,Parma,Genoa,0,1,A,0,0,D,,13,15,0,7,5,18,3,7,2,5,0,0,2024_2025,normal
2024-11-04,Lazio,Cagliari,2,1,H,1,1,D,,20,6,5,1,12,17,2,3,3,8,0,2,2024_2025,normal
2024-11-07,Genoa,Como,1,1,D,0,1,A,,8,18,4,8,17,15,8,5,4,3,0,0,2024_2025,normal
2024-11-08,Lecce,Empoli,1,1,D,0,1,A,,18,11,3,6,7,24,4,3,0,3,0,0,2024_2025,normal
2024-11-09,Venezia,Parma,1,2,A,1,1,D,,12,10,6,3,9,10,6,6,1,2,0,0,2024_2025,normal
2024-11-09,Cagliari,Milan,3,3,D,1,2,A,,16,13,7,6,7,11,6,3,0,2,0,0,2024_2025,normal
2024-11-09,Juventus,Torino,2,0,H,1,0,H,,13,6,4,1,7,14,5,5,1,3,0,0,2024_2025,normal
2024-11-10,Atalanta,Udinese,2,1,H,0,1,A,,11,11,4,6,10,12,4,5,1,1,0,0,2024_2025,normal
2024-11-10,Fiorentina,Verona,3,1,H,1,1,D,,11,8,6,2,1,19,8,3,1,2,0,0,2024_2025,normal
2024-11-10,Roma,Bologna,2,3,A,0,1,A,,15,15,5,4,16,21,4,3,2,3,0,0,2024_2025,normal
2024-11-10,Monza,Lazio,0,1,A,0,1,A,,12,14,2,6,13,10,6,6,5,1,0,0,2024_2025,normal
2024-11-10,Inter,Napoli,1,1,D,1,1,D,,13,5,4,2,15,12,4,2,2,0,0,0,2024_2025,normal
2024-11-23,Verona,Inter,0,5,A,0,5,A,,9,12,2,7,14,5,4,2,2,1,0,0,2024_2025,normal
2024-11-23,Milan,Juventus,0,0,D,0,0,D,,6,7,1,2,9,12,2,4,3,2,0,0,2024_2025,normal
2024-11-23,Parma,Atalanta,1,3,A,0,2,A,,9,15,3,6,6,8,2,5,0,2,0,0,2024_2025,normal
2024-11-24,Genoa,Cagliari,2,2,D,1,1,D,,20,17,6,6,11,7,6,8,2,2,0,0,2024_2025,normal
2024-11-24,Como,Fiorentina,0,2,A,0,1,A,,10,8,4,4,11,15,3,4,2,1,1,0,2024_2025,normal
2024-11-24,Torino,Monza,1,1,D,0,0,D,,12,9,5,6,17,13,7,3,1,2,0,0,2024_2025,normal
2024-11-24,Napoli,Roma,1,0,H,0,0,D,,14,6,2,1,8,9,8,2,0,3,0,0,2024_2025,normal
2024-11-24,Lazio,Bologna,3,0,H,0,0,D,,13,3,4,1,14,14,3,0,3,3,0,1,2024_2025,normal
2024-11-25,Empoli,Udinese,1,1,D,1,0,H,,4,16,2,3,8,13,1,8,3,2,0,0,2024_2025,normal
2024-11-25,Venezia,Lecce,0,1,A,0,0,D,,16,7,6,2,12,16,6,2,1,3,0,0,2024_2025,normal
2024-11-29,Cagliari,Verona,1,0,H,0,0,D,,19,11,6,2,10,12,7,1,1,2,0,0,2024_2025,normal
2024-11-30,Como,Monza,1,1,D,1,0,H,,17,9,3,3,16,11,11,4,3,0,0,0,2024_2025,normal
2024-11-30,Milan,Empoli,3,0,H,2,0,H,,20,9,4,0,12,16,7,3,2,2,0,0,2024_2025,normal
2024-11-30,Bologna,Venezia,3,0,H,1,0,H,,16,5,9,1,14,15,1,0,0,2,0,0,2024_2025,normal
2024-12-01,Udinese,Genoa,0,2,A,0,1,A,,4,15,2,5,13,11,6,4,2,3,1,0,2024_2025,normal
2024-12-01,Parma,Lazio,3,1,H,1,0,H,,12,23,4,8,17,13,4,10,4,3,0,0,2024_2025,normal
2024-12-01,Torino,Napoli,0,1,A,0,1,A,,5,16,1,6,15,9,4,7,4,1,0,0,2024_2025,normal
2024-12-01,Lecce,Juventus,1,1,D,0,0,D,,10,14,6,3,8,9,2,7,1,4,0,0,2024_2025,normal
2024-12-02,Roma,Atalanta,0,2,A,0,0,D,,5,18,1,7,17,13,2,4,2,3,0,0,2024_2025,normal
2024-12-06,Inter,Parma,3,1,H,1,0,H,,18,5,5,2,8,3,10,1,1,1,0,0,2024_2025,normal
2024-12-06,Atalanta,Milan,2,1,H,1,1,D,,17,6,8,2,14,13,7,0,2,0,0,0,2024_2025,normal
2024-12-07,Genoa,Torino,0,0,D,0,0,D,,5,10,1,3,12,15,4,4,2,1,0,0,2024_2025,normal
2024-12-07,Juventus,Bologna,2,2,D,0,1,A,,10,10,3,4,18,14,1,4,3,4,0,0,2024_2025,normal
2024-12-07,Roma,Lecce,4,1,H,1,1,D,,23,3,9,1,5,14,8,1,2,3,0,0,2024_2025,normal
2024-12-08,Fiorentina,Cagliari,1,0,H,1,0,H,,8,8,3,1,9,20,6,4,3,2,0,0,2024_2025,normal
2024-12-08,Verona,Empoli,1,4,A,1,4,A,,12,15,3,5,15,16,5,8,2,2,0,0,2024_2025,normal
2024-12-08,Venezia,Como,2,2,D,1,0,H,,8,10,4,4,12,10,5,9,1,1,0,0,2024_2025,normal
2024-12-08,Napoli,Lazio,0,1,A,0,0,D,,12,7,1,3,16,12,6,2,2,3,0,0,2024_2025,normal
2024-12-09,Monza,Udinese,1,2,A,0,1,A,,27,10,4,3,12,16,10,1,1,2,0,0,2024_2025,normal
2024-12-13,Empoli,Torino,0,1,A,0,0,D,,10,14,4,4,7,15,12,3,2,3,0,0,2024_2025,normal
2024-12-14,Cagliari,Atalanta,0,1,A,0,0,D,,12,12,8,2,16,10,2,5,3,3,0,0,2024_2025,normal
2024-12-14,Udinese,Napoli,1,3,A,1,0,H,,7,17,3,4,14,8,3,9,1,1,0,0,2024_2025,normal
2024-12-14,Juventus,Venezia,2,2,D,1,0,H,,12,8,4,2,9,8,7,4,1,3,0,0,2024_2025,normal
2024-12-15,Lecce,Monza,2,1,H,2,1,H,,11,10,4,1,15,16,2,7,1,5,0,0,2024_2025,normal
2024-12-15,Bologna,Fiorentina,1,0,H,0,0,D,,16,10,6,4,16,10,1,3,2,2,0,0,2024_2025,normal
2024-12-15,Parma,Verona,2,3,A,1,1,D,,19,17,8,6,5,16,5,2,1,3,0,0,2024_2025,normal
2024-12-15,Como,Roma,2,0,H,0,0,D,,18,6,7,1,18,17,6,5,6,1,0,0,2024_2025,normal
2024-12-15,Milan,Genoa,0,0,D,0,0,D,,22,5,4,0,11,12,9,2,0,2,0,0,2024_2025,normal
2024-12-16,Lazio,Inter,0,6,A,0,2,A,,9,12,2,7,7,14,4,2,2,4,0,0,2024_2025,normal
2024-12-20,Verona,Milan,0,1,A,0,0,D,,10,14,2,6,21,9,3,8,1,1,0,0,2024_2025,normal
2024-12-21,Torino,Bologna,0,2,A,0,0,D,,6,8,0,5,11,17,4,0,0,2,0,0,2024_2025,normal
2024-12-21,Genoa,Napoli,1,2,A,0,2,A,,11,12,3,2,8,8,5,6,2,1,0,0,2024_2025,normal
2024-12-21,Lecce,Lazio,1,2,A,0,1,A,,11,13,2,7,13,12,6,6,3,1,1,0,2024_2025,normal
2024-12-22,Roma,Parma,5,0,H,2,0,H,,19,9,9,3,10,9,5,2,1,2,0,0,2024_2025,normal
2024-12-22,Venezia,Cagliari,2,1,H,1,0,H,,12,14,6,7,6,11,4,8,1,2,0,0,2024_2025,normal
2024-12-22,Atalanta,Empoli,3,2,H,2,1,H,,16,7,7,3,11,15,6,3,1,1,0,0,2024_2025,normal
2024-12-22,Monza,Juventus,1,2,A,1,2,A,,17,16,5,9,7,13,3,7,1,1,0,0,2024_2025,normal
2024-12-23,Fiorentina,Udinese,1,2,A,1,0,H,,14,11,3,4,10,14,10,2,2,5,0,0,2024_2025,normal
2024-12-23,Inter,Como,2,0,H,0,0,D,,17,8,5,4,13,15,7,1,2,2,0,0,2024_2025,normal
2024-12-28,Empoli,Genoa,1,2,A,0,0,D,,12,14,8,5,16,13,7,4,1,2,0,0,2024_2025,normal
2024-12-28,Parma,Monza,2,1,H,0,0,D,,9,10,3,4,16,21,4,6,3,7,0,1,2024_2025,normal
2024-12-28,Cagliari,Inter,0,3,A,0,0,D,,5,20,1,5,14,5,5,7,0,0,0,0,2024_2025,normal
2024-12-28,Lazio,Atalanta,1,1,D,1,0,H,,11,14,5,4,6,11,2,7,2,3,0,0,2024_2025,normal
2024-12-29,Udinese,Torino,2,2,D,1,0,H,,10,12,3,6,17,12,4,3,1,0,0,0,2024_2025,normal
2024-12-29,Napoli,Venezia,1,0,H,0,0,D,,25,4,8,2,10,12,14,4,0,3,0,0,2024_2025,normal
2024-12-29,Juventus,Fiorentina,2,2,D,1,1,D,,15,11,5,4,14,9,7,2,3,1,0,0,2024_2025,normal
2024-12-29,Milan,Roma,1,1,D,1,1,D,,21,12,7,5,17,8,6,5,4,4,0,0,2024_2025,normal
2024-12-30,Como,Lecce,2,0,H,0,0,D,,15,11,8,1,12,15,4,4,3,2,0,0,2024_2025,normal
2024-12-30,Bologna,Verona,2,3,A,1,2,A,,23,8,7,4,9,24,11,5,2,5,1,0,2024_2025,normal
2025-01-04,Venezia,Empoli,1,1,D,1,1,D,,8,18,3,6,15,14,2,8,1,2,0,0,2024_2025,normal
2025-01-04,Fiorentina,Napoli,0,3,A,0,1,A,,14,10,2,4,17,15,4,2,0,1,0,0,2024_2025,normal
2025-01-04,Verona,Udinese,0,0,D,0,0,D,,13,15,3,6,14,16,7,3,3,2,1,0,2024_2025,normal
2025-01-05,Monza,Cagliari,1,2,A,1,1,D,,6,13,2,4,16,19,1,3,2,2,1,0,2024_2025,normal
2025-01-05,Lecce,Genoa,0,0,D,0,0,D,,10,4,3,1,11,15,9,4,0,1,0,0,2024_2025,normal
2025-01-05,Torino,Parma,0,0,D,0,0,D,,12,10,4,3,9,9,8,7,2,1,0,0,2024_2025,normal
2025-01-05,Roma,Lazio,2,0,H,2,0,H,,7,17,5,6,12,18,3,10,4,5,0,1,2024_2025,normal
2025-01-10,Lazio,Como,1,1,D,1,0,H,,12,17,4,4,14,15,7,7,4,3,1,0,2024_2025,normal
2025-01-11,Empoli,Lecce,1,3,A,0,2,A,,15,14,5,6,11,21,9,2,0,3,0,0,2024_2025,normal
2025-01-11,Udinese,Atalanta,0,0,D,0,0,D,,12,4,3,2,4,16,5,3,1,2,0,0,2024_2025,normal
2025-01-11,Torino,Juventus,1,1,D,1,1,D,,11,15,2,9,18,9,9,1,4,1,0,0,2024_2025,normal
2025-01-11,Milan,Cagliari,1,1,D,0,0,D,,24,6,11,2,9,11,9,1,1,2,0,0,2024_2025,normal
2025-01-12,Genoa,Parma,1,0,H,0,0,D,,14,9,4,3,10,10,6,9,2,3,0,0,2024_2025,normal
2025-01-12,Venezia,Inter,0,1,A,0,1,A,,7,17,2,6,12,11,4,5,4,1,0,0,2024_2025,normal
2025-01-12,Bologna,Roma,2,2,D,0,0,D,,14,11,8,4,18,10,5,4,4,1,0,0,2024_2025,normal
2025-01-12,Napoli,Verona,2,0,H,1,0,H,,14,6,3,2,6,5,8,1,0,0,0,0,2024_2025,normal
2025-01-13,Monza,Fiorentina,2,1,H,1,0,H,,10,11,3,2,26,9,2,4,4,1,0,0,2024_2025,normal
2025-01-14,Como,Milan,1,2,A,0,0,D,,12,12,4,6,11,17,2,4,1,6,0,0,2024_2025,normal
2025-01-14,Atalanta,Juventus,1,1,D,0,0,D,,17,17,6,9,10,7,3,3,1,1,0,0,2024_2025,normal
2025-01-15,Inter,Bologna,2,2,D,2,1,H,,12,14,6,6,19,13,3,3,0,0,0,0,2024_2025,normal
2025-01-17,Roma,Genoa,3,1,H,1,1,D,,16,7,7,3,12,12,3,2,1,1,0,0,2024_2025,normal
2025-01-18,Bologna,Monza,3,1,H,2,1,H,,18,3,7,1,16,18,4,0,1,3,0,0,2024_2025,normal
2025-01-18,Juventus,Milan,2,0,H,0,0,D,,15,13,6,3,19,11,5,5,0,2,0,0,2024_2025,normal
2025-01-18,Atalanta,Napoli,2,3,A,1,2,A,,15,6,6,3,18,9,3,1,4,2,0,0,2024_2025,normal
2025-01-19,Fiorentina,Torino,1,1,D,1,0,H,,20,6,6,3,16,11,9,2,3,3,0,1,2024_2025,normal
2025-01-19,Cagliari,Lecce,4,1,H,0,1,A,,19,7,7,2,11,10,6,1,3,1,0,1,2024_2025,normal
2025-01-19,Parma,Venezia,1,1,D,0,1,A,,19,7,8,2,13,16,8,2,2,3,0,0,2024_2025,normal
2025-01-19,Verona,Lazio,0,3,A,0,2,A,,16,14,3,5,10,8,5,6,6,2,1,0,2024_2025,normal
2025-01-19,Inter,Empoli,3,1,H,0,0,D,,18,5,7,1,11,9,7,3,0,0,0,0,2024_2025,normal
2025-01-20,Como,Udinese,4,1,H,2,0,H,,11,6,8,2,10,16,3,2,2,4,1,1,2024_2025,normal
2025-01-24,Torino,Cagliari,2,0,H,1,0,H,,18,6,6,1,11,10,6,3,0,1,0,0,2024_2025,normal
2025-01-25,Como,Atalanta,1,2,A,1,0,H,,15,5,5,3,15,10,4,5,2,3,0,0,2024_2025,normal
2025-01-25,Napoli,Juventus,2,1,H,0,1,A,,14,5,3,2,9,15,9,1,0,0,0,0,2024_2025,normal
2025-01-25,Empoli,Bologna,1,1,D,1,1,D,,5,9,1,8,25,13,2,4,0,0,0,0,2024_2025,normal
2025-01-26,Milan,Parma,3,2,H,1,1,D,,14,12,5,5,14,7,7,4,2,5,0,0,2024_2025,normal
2025-01-26,Udinese,Roma,1,2,A,1,0,H,,10,16,3,10,15,12,1,5,2,2,0,0,2024_2025,normal
2025-01-26,Lecce,Inter,0,4,A,0,2,A,,17,9,4,5,13,12,7,0,0,2,0,0,2024_2025,normal
2025-01-26,Lazio,Fiorentina,1,2,A,0,2,A,,22,7,3,3,9,12,14,2,1,4,0,1,2024_2025,normal
2025-01-27,Venezia,Verona,1,1,D,1,0,H,,9,21,1,5,16,14,7,9,1,1,0,0,2024_2025,normal
2025-01-27,Genoa,Monza,2,0,H,0,0,D,,18,5,6,1,13,19,9,6,0,4,0,0,2024_2025,normal
2025-01-31,Parma,Lecce,1,3,A,1,1,D,,19,6,7,3,8,14,3,2,1,2,0,0,2024_2025,normal
2025-02-01,Monza,Verona,0,1,A,0,1,A,,9,12,2,4,12,23,7,3,2,3,0,0,2024_2025,normal
2025-02-01,Udinese,Venezia,3,2,H,0,0,D,,13,14,5,3,20,9,4,6,3,3,0,0,2024_2025,normal
2025-02-01,Atalanta,Torino,1,1,D,1,1,D,,22,5,10,3,6,11,8,0,0,3,0,0,2024_2025,normal
2025-02-01,Bologna,Como,2,0,H,1,0,H,,15,8,4,1,16,18,4,2,3,4,0,1,2024_2025,normal
2025-02-02,Juventus,Empoli,4,1,H,0,1,A,,23,10,8,3,14,13,8,6,0,3,0,1,2024_2025,normal
2025-02-02,Fiorentina,Genoa,2,1,H,2,0,H,,7,17,6,3,17,14,1,8,3,1,0,0,2024_2025,normal
2025-02-02,Milan,Inter,1,1,D,1,0,H,,10,16,4,6,5,9,8,11,0,2,0,0,2024_2025,normal
2025-02-02,Roma,Napoli,1,1,D,0,1,A,,12,5,2,2,9,13,2,3,2,1,0,0,2024_2025,normal
2025-02-03,Cagliari,Lazio,1,2,A,0,1,A,,15,11,5,6,14,9,7,7,0,0,0,0,2024_2025,normal
2025-02-06,Fiorentina,Inter,3,0,H,0,0,D,,10,11,6,2,11,10,1,8,0,0,0,0,2024_2025,normal
2025-02-07,Como,Juventus,1,2,A,1,1,D,,16,8,6,3,15,15,9,1,3,1,0,0,2024_2025,normal
2025-02-08,Verona,Atalanta,0,5,A,0,4,A,,18,17,7,7,10,6,7,2,2,1,0,0,2024_2025,normal
2025-02-08,Empoli,Milan,0,2,A,0,0,D,,8,16,0,5,17,10,2,6,2,4,1,1,2024_2025,normal
2025-02-08,Torino,Genoa,1,1,D,1,0,H,,10,6,3,2,11,10,4,2,2,2,0,0,2024_2025,normal
2025-02-09,Venezia,Roma,0,1,A,0,0,D,,12,13,3,5,13,21,4,6,2,3,0,0,2024_2025,normal
2025-02-09,Cagliari,Parma,2,1,H,0,0,D,,14,9,3,1,14,12,7,6,0,0,0,0,2024_2025,normal
2025-02-09,Lazio,Monza,5,1,H,1,0,H,,26,3,9,1,10,12,8,1,0,1,0,0,2024_2025,normal
2025-02-09,Lecce,Bologna,0,0,D,0,0,D,,6,8,1,2,14,16,6,5,0,2,0,0,2024_2025,normal
2025-02-09,Napoli,Udinese,1,1,D,1,1,D,,18,8,4,4,11,10,6,6,0,1,0,0,2024_2025,normal
2025-02-10,Inter,Fiorentina,2,1,H,1,1,D,,22,7,8,2,16,15,8,1,4,3,0,0,2024_2025,normal
2025-02-14,Bologna,Torino,3,2,H,1,1,D,,23,8,7,5,7,17,8,2,0,4,0,0,2024_2025,normal
2025-02-15,Atalanta,Cagliari,0,0,D,0,0,D,,9,3,2,0,7,11,8,2,1,1,0,0,2024_2025,normal
2025-02-15,Lazio,Napoli,2,2,D,1,1,D,,12,6,5,3,9,19,7,1,2,2,0,0,2024_2025,normal
2025-02-15,Milan,Verona,1,0,H,0,0,D,,18,7,3,2,11,18,10,7,0,0,0,0,2024_2025,normal
2025-02-16,Fiorentina,Como,0,2,A,0,1,A,,5,8,3,4,14,24,2,1,3,2,0,0,2024_2025,normal
2025-02-16,Monza,Lecce,0,0,D,0,0,D,,8,19,3,5,10,18,3,7,2,2,0,0,2024_2025,normal
2025-02-16,Udinese,Empoli,3,0,H,1,0,H,,17,16,9,4,12,17,9,5,0,0,0,0,2024_2025,normal
2025-02-16,Parma,Roma,0,1,A,0,1,A,,5,16,1,4,11,5,1,10,0,0,0,0,2024_2025,normal
2025-02-16,Juventus,Inter,1,0,H,0,0,D,,16,17,8,2,17,10,7,5,1,1,0,0,2024_2025,normal
2025-02-17,Genoa,Venezia,2,0,H,0,0,D,,14,7,5,3,14,15,4,5,1,1,0,0,2024_2025,normal
2025-02-21,Lecce,Udinese,0,1,A,0,1,A,,10,12,1,5,15,11,11,8,1,3,0,0,2024_2025,normal
2025-02-22,Parma,Bologna,2,0,H,1,0,H,,4,16,3,1,14,13,0,4,2,1,0,0,2024_2025,normal
2025-02-22,Venezia,Lazio,0,0,D,0,0,D,,9,9,2,3,21,12,6,6,4,2,0,0,2024_2025,normal
2025-02-22,Torino,Milan,2,1,H,1,0,H,,9,26,3,8,14,5,4,11,1,1,0,0,2024_2025,normal
2025-02-22,Inter,Genoa,1,0,H,0,0,D,,18,11,5,2,7,14,6,7,0,2,0,0,2024_2025,normal
2025-02-23,Como,Napoli,2,1,H,1,1,D,,8,13,3,4,17,14,4,6,1,3,0,0,2024_2025,normal
2025-02-23,Verona,Fiorentina,1,0,H,0,0,D,,7,8,3,3,19,8,4,1,3,3,0,0,2024_2025,normal
2025-02-23,Empoli,Atalanta,0,5,A,0,3,A,,10,14,1,8,4,17,3,4,0,1,0,0,2024_2025,normal
2025-02-23,Cagliari,Juventus,0,1,A,0,1,A,,8,14,2,7,9,15,3,4,0,1,0,0,2024_2025,normal
2025-02-24,Roma,Monza,4,0,H,2,0,H,,23,5,6,2,6,7,6,3,0,1,0,0,2024_2025,normal
2025-02-27,Bologna,Milan,2,1,H,0,1,A,,14,8,4,4,13,15,4,5,1,2,0,0,2024_2025,normal
2025-02-28,Fiorentina,Lecce,1,0,H,1,0,H,,10,8,3,3,10,12,5,2,3,2,0,0,2024_2025,normal
2025-03-01,Atalanta,Venezia,0,0,D,0,0,D,,18,8,3,2,12,14,3,2,1,2,0,0,2024_2025,normal
2025-03-01,Napoli,Inter,1,1,D,0,1,A,,19,6,4,1,7,15,12,3,1,0,0,0,2024_2025,normal
2025-03-01,Udinese,Parma,1,0,H,1,0,H,,20,9,6,4,15,7,7,7,1,1,0,0,2024_2025,normal
2025-03-02,Monza,Torino,0,2,A,0,1,A,,9,13,2,7,10,20,1,4,2,2,0,0,2024_2025,normal
2025-03-02,Bologna,Cagliari,2,1,H,0,1,A,,15,2,5,1,15,24,4,1,1,2,0,0,2024_2025,normal
2025-03-02,Genoa,Empoli,1,1,D,0,1,A,,5,7,1,1,12,18,3,6,1,3,0,0,2024_2025,normal
2025-03-02,Roma,Como,2,1,H,0,1,A,,11,10,4,3,6,18,1,2,2,7,0,1,2024_2025,normal
2025-03-02,Milan,Lazio,1,2,A,0,1,A,,15,21,4,8,14,6,3,5,2,1,1,0,2024_2025,normal
2025-03-03,Juventus,Verona,2,0,H,0,0,D,,27,5,9,2,14,8,6,0,1,0,0,0,2024_2025,normal
2025-03-07,Cagliari,Genoa,1,1,D,1,0,H,,9,8,1,2,16,15,2,5,2,2,0,0,2024_2025,normal
2025-03-08,Como,Venezia,1,1,D,0,0,D,,12,11,7,6,11,14,3,5,2,3,0,0,2024_2025,normal
2025-03-08,Parma,Torino,2,2,D,0,1,A,,12,6,4,2,16,15,7,4,4,2,0,0,2024_2025,normal
2025-03-08,Lecce,Milan,2,3,A,1,0,H,,11,16,3,9,13,7,2,7,2,1,0,0,2024_2025,normal
2025-03-08,Inter,Monza,3,2,H,1,2,A,,30,8,9,4,8,7,13,1,0,1,0,0,2024_2025,normal
2025-03-09,Verona,Bologna,1,2,A,0,1,A,,7,12,2,6,23,11,1,3,2,1,1,0,2024_2025,normal
2025-03-09,Napoli,Fiorentina,2,1,H,1,0,H,,19,7,11,2,10,5,4,4,1,2,0,0,2024_2025,normal
2025-03-09,Empoli,Roma,0,1,A,0,1,A,,3,16,1,7,12,10,1,9,0,0,0,0,2024_2025,normal
2025-03-09,Juventus,Atalanta,0,4,A,0,1,A,,9,19,2,9,12,11,2,5,1,1,0,0,2024_2025,normal
2025-03-10,Lazio,Udinese,1,1,D,1,1,D,,10,15,5,4,9,11,4,9,2,4,0,0,2024_2025,normal
2025-03-14,Genoa,Lecce,2,1,H,2,0,H,,8,15,2,2,12,10,3,3,3,2,0,0,2024_2025,normal
2025-03-15,Monza,Parma,1,1,D,0,0,D,,12,14,4,6,14,16,6,3,0,3,0,0,2024_2025,normal
2025-03-15,Udinese,Verona,0,1,A,0,0,D,,11,7,3,2,21,16,2,1,5,2,0,0,2024_2025,normal
2025-03-15,Milan,Como,2,1,H,0,1,A,,9,15,3,6,21,7,0,5,3,3,0,1,2024_2025,normal
2025-03-15,Torino,Empoli,1,0,H,0,0,D,,13,16,3,2,9,12,5,5,1,0,0,0,2024_2025,normal
2025-03-16,Venezia,Napoli,0,0,D,0,0,D,,13,15,4,7,19,8,3,8,2,1,0,0,2024_2025,normal
2025-03-16,Bologna,Lazio,5,0,H,1,0,H,,13,7,7,2,18,16,7,1,2,3,0,0,2024_2025,normal
2025-03-16,Roma,Cagliari,1,0,H,0,0,D,,13,11,1,5,4,12,8,3,0,2,0,0,2024_2025,normal
2025-03-16,Fiorentina,Juventus,3,0,H,2,0,H,,9,11,3,2,9,13,1,6,2,3,0,0,2024_2025,normal
2025-03-16,Atalanta,Inter,0,2,A,0,0,D,,16,14,3,5,11,14,2,6,3,3,1,1,2024_2025,normal
2025-03-29,Como,Empoli,1,1,D,0,0,D,,16,14,5,4,5,22,4,1,2,5,0,1,2024_2025,normal
2025-03-29,Venezia,Bologna,0,1,A,0,0,D,,6,13,3,4,14,21,2,3,4,1,0,0,2024_2025,normal
2025-03-29,Juventus,Genoa,1,0,H,1,0,H,,9,9,6,3,13,11,4,3,3,2,0,0,2024_2025,normal
2025-03-29,Lecce,Roma,0,1,A,0,0,D,,17,16,4,6,6,11,6,6,1,3,0,0,2024_2025,normal
2025-03-30,Cagliari,Monza,3,0,H,0,0,D,,11,12,4,3,17,11,4,6,2,2,0,0,2024_2025,normal
2025-03-30,Fiorentina,Atalanta,1,0,H,1,0,H,,12,9,4,0,7,16,2,4,0,3,0,0,2024_2025,normal
2025-03-30,Inter,Udinese,2,1,H,2,0,H,,13,11,3,4,8,14,2,4,2,0,0,0,2024_2025,normal
2025-03-30,Napoli,Milan,2,1,H,2,0,H,,8,17,3,4,10,5,2,6,2,2,0,0,2024_2025,normal
2025-03-31,Verona,Parma,0,0,D,0,0,D,,6,10,0,1,11,9,5,5,2,1,0,0,2024_2025,normal
2025-03-31,Lazio,Torino,1,1,D,0,0,D,,16,7,6,2,9,20,5,3,3,4,0,0,2024_2025,normal
2025-04-04,Genoa,Udinese,1,0,H,0,0,D,,13,5,7,2,16,14,1,2,2,2,0,0,2024_2025,normal
2025-04-05,Monza,Como,1,3,A,1,2,A,,8,17,4,7,19,21,2,2,2,1,0,0,2024_2025,normal
2025-04-05,Parma,Inter,2,2,D,0,2,A,,8,20,4,4,9,7,2,4,2,3,0,0,2024_2025,normal
2025-04-05,Milan,Fiorentina,2,2,D,1,2,A,,19,15,6,8,12,12,7,4,4,3,0,0,2024_2025,normal
2025-04-06,Lecce,Venezia,1,1,D,0,0,D,,23,13,4,3,10,14,8,3,2,4,0,0,2024_2025,normal
2025-04-06,Empoli,Cagliari,0,0,D,0,0,D,,7,7,1,1,9,15,2,3,0,4,0,0,2024_2025,normal
2025-04-06,Torino,Verona,1,1,D,0,0,D,,7,13,3,1,9,19,1,5,1,1,1,0,2024_2025,normal
2025-04-06,Atalanta,Lazio,0,1,A,0,0,D,,10,8,2,3,6,6,11,4,1,2,0,0,2024_2025,normal
2025-04-06,Roma,Juventus,1,1,D,0,1,A,,11,11,4,7,11,15,4,4,1,1,0,0,2024_2025,normal
2025-04-07,Bologna,Napoli,1,1,D,0,1,A,,12,6,4,2,11,18,8,3,1,3,0,0,2024_2025,normal
2025-04-11,Udinese,Milan,0,4,A,0,2,A,,14,14,5,7,10,9,5,7,1,1,0,0,2024_2025,normal
2025-04-12,Venezia,Monza,1,0,H,0,0,D,,9,10,4,3,20,20,3,4,5,3,1,0,2024_2025,normal
2025-04-12,Inter,Cagliari,3,1,H,2,0,H,,13,8,4,4,6,12,5,6,0,1,0,0,2024_2025,normal
2025-04-12,Juventus,Lecce,2,1,H,2,0,H,,22,14,7,3,7,10,9,4,0,1,0,0,2024_2025,normal
2025-04-13,Atalanta,Bologna,2,0,H,2,0,H,,4,12,2,5,17,12,4,5,4,1,0,0,2024_2025,normal
2025-04-13,Fiorentina,Parma,0,0,D,0,0,D,,9,7,3,3,10,19,2,2,0,5,0,0,2024_2025,normal
2025-04-13,Verona,Genoa,0,0,D,0,0,D,,14,4,2,1,19,11,6,2,3,1,0,0,2024_2025,normal
2025-04-13,Como,Torino,1,0,H,1,0,H,,15,10,7,4,9,16,7,4,1,3,0,0,2024_2025,normal
2025-04-13,Lazio,Roma,1,1,D,0,0,D,,12,9,7,4,12,12,10,5,4,2,0,0,2024_2025,normal
2025-04-14,Napoli,Empoli,3,0,H,1,0,H,,17,12,6,1,8,15,5,5,1,1,0,0,2024_2025,normal
2025-04-19,Lecce,Como,0,3,A,0,1,A,,14,11,7,6,18,14,9,4,3,5,0,0,2024_2025,normal
2025-04-19,Monza,Napoli,0,1,A,0,0,D,,8,16,0,5,18,11,6,7,4,2,0,0,2024_2025,normal
2025-04-19,Roma,Verona,1,0,H,1,0,H,,6,8,3,2,5,17,4,6,0,2,0,0,2024_2025,normal
2025-04-20,Empoli,Venezia,2,2,D,0,0,D,,11,13,4,7,18,15,2,5,2,1,0,0,2024_2025,normal
2025-04-20,Bologna,Inter,1,0,H,0,0,D,,12,8,3,1,12,21,5,6,2,3,0,0,2024_2025,normal
2025-04-20,Milan,Atalanta,0,1,A,0,0,D,,12,11,1,2,8,7,7,5,0,1,0,0,2024_2025,normal
2025-04-23,Cagliari,Fiorentina,1,2,A,1,1,D,,8,8,2,4,15,15,4,4,2,2,0,0,2024_2025,normal
2025-04-23,Genoa,Lazio,0,2,A,0,1,A,,8,15,4,6,16,10,6,8,3,1,1,1,2024_2025,normal
2025-04-23,Parma,Juventus,1,0,H,1,0,H,,6,16,3,2,9,10,4,9,2,3,0,0,2024_2025,normal
2025-04-23,Torino,Udinese,2,0,H,1,0,H,,10,10,4,6,11,13,8,7,2,2,0,0,2024_2025,normal
2025-04-27,Como,Genoa,1,0,H,0,0,D,,14,4,3,1,19,15,6,3,2,1,0,0,2024_2025,normal
2025-04-27,Venezia,Milan,0,2,A,0,1,A,,15,12,2,2,14,13,7,2,1,0,0,0,2024_2025,normal
2025-04-27,Fiorentina,Empoli,2,1,H,2,0,H,,6,8,3,5,16,18,1,6,3,2,0,0,2024_2025,normal
2025-04-27,Inter,Roma,0,1,A,0,1,A,,17,19,2,7,11,9,4,3,1,2,0,0,2024_2025,normal
2025-04-27,Juventus,Monza,2,0,H,2,0,H,,10,12,5,3,17,5,0,5,3,3,1,0,2024_2025,normal
2025-04-27,Atalanta,Lecce,1,1,D,0,1,A,,21,10,6,3,10,8,12,3,1,1,0,0,2024_2025,normal
2025-04-27,Napoli,Torino,2,0,H,2,0,H,,8,9,2,0,5,13,2,5,0,3,0,0,2024_2025,normal
2025-04-28,Udinese,Bologna,0,0,D,0,0,D,,13,12,4,1,21,10,5,6,3,2,0,0,2024_2025,normal
2025-04-28,Lazio,Parma,2,2,D,0,1,A,,14,7,7,5,12,11,5,1,1,3,0,0,2024_2025,normal
2025-04-28,Verona,Cagliari,0,2,A,0,1,A,,6,6,2,4,14,9,2,3,2,1,1,0,2024_2025,normal
2025-05-02,Torino,Venezia,1,1,D,0,1,A,,19,7,4,3,7,18,5,1,1,0,0,0,2024_2025,normal
2025-05-03,Cagliari,Udinese,1,2,A,1,1,D,,8,11,2,3,5,15,5,4,1,2,0,0,2024_2025,normal
2025-05-03,Parma,Como,0,1,A,0,0,D,,13,13,3,4,16,14,5,5,1,1,0,0,2024_2025,normal
2025-05-03,Lecce,Napoli,0,1,A,0,1,A,,9,8,1,2,11,4,5,2,2,0,0,0,2024_2025,normal
2025-05-03,Inter,Verona,1,0,H,1,0,H,,9,6,2,1,6,11,4,3,1,3,0,0,2024_2025,normal
2025-05-04,Empoli,Lazio,0,1,A,0,1,A,,7,9,2,3,16,8,2,7,5,5,1,1,2024_2025,normal
2025-05-04,Monza,Atalanta,0,4,A,0,2,A,,13,15,7,5,9,10,3,7,1,2,0,0,2024_2025,normal
2025-05-04,Roma,Fiorentina,1,0,H,1,0,H,,12,13,4,5,9,8,7,4,2,2,0,1,2024_2025,normal
2025-05-04,Bologna,Juventus,1,1,D,0,1,A,,9,6,2,3,6,19,10,3,1,3,0,0,2024_2025,normal
2025-05-05,Genoa,Milan,1,2,A,0,0,D,,11,10,4,5,14,12,8,7,1,5,0,0,2024_2025,normal
2025-05-09,Milan,Bologna,3,1,H,0,0,D,,10,10,5,4,5,14,3,4,2,2,0,0,2024_2025,normal
2025-05-10,Como,Cagliari,3,1,H,2,1,H,,19,9,5,3,9,15,5,1,1,3,0,0,2024_2025,normal
2025-05-10,Lazio,Juventus,1,1,D,0,0,D,,19,8,6,3,14,10,3,3,5,4,0,1,2024_2025,normal
2025-05-10,Empoli,Parma,2,1,H,1,0,H,,15,3,4,1,21,16,4,0,2,2,0,1,2024_2025,normal
2025-05-11,Udinese,Monza,1,2,A,0,0,D,,21,5,5,2,21,8,7,0,2,3,0,0,2024_2025,normal
2025-05-11,Verona,Lecce,1,1,D,1,1,D,,6,11,2,3,17,15,3,6,4,0,0,0,2024_2025,normal
2025-05-11,Torino,Inter,0,2,A,0,1,A,,17,12,3,7,14,6,9,3,1,3,0,0,2024_2025,normal
2025-05-11,Napoli,Genoa,2,2,D,1,1,D,,22,8,11,2,12,14,8,0,1,2,0,0,2024_2025,normal
2025-05-12,Venezia,Fiorentina,2,1,H,0,0,D,,4,5,4,1,21,17,1,5,1,4,0,0,2024_2025,normal
2025-05-12,Atalanta,Roma,2,1,H,1,1,D,,16,10,3,4,14,14,8,7,1,0,0,0,2024_2025,normal
2025-05-17,Genoa,Atalanta,2,3,A,1,0,H,,12,13,5,6,10,14,7,0,0,0,0,0,2024_2025,normal
2025-05-18,Cagliari,Venezia,3,0,H,2,0,H,,20,10,5,1,7,9,8,8,1,1,0,0,2024_2025,normal
2025-05-18,Fiorentina,Bologna,3,2,H,1,0,H,,6,15,5,3,21,17,2,4,4,1,0,1,2024_2025,normal
2025-05-18,Inter,Lazio,2,2,D,1,0,H,,10,12,3,4,14,10,5,1,1,3,0,0,2024_2025,normal
2025-05-18,Juventus,Udinese,2,0,H,0,0,D,,24,7,7,2,9,13,12,3,0,3,0,0,2024_2025,normal
2025-05-18,Lecce,Torino,1,0,H,0,0,D,,10,10,4,4,13,8,3,4,1,1,0,0,2024_2025,normal
2025-05-18,Monza,Empoli,1,3,A,1,0,H,,12,9,4,4,8,16,2,6,0,1,0,0,2024_2025,normal
2025-05-18,Parma,Napoli,0,0,D,0,0,D,,6,7,4,2,13,16,3,2,2,2,0,0,2024_2025,normal
2025-05-18,Roma,Milan,3,1,H,1,1,D,,15,12,6,3,12,16,4,2,3,2,0,1,2024_2025,normal
2025-05-18,Verona,Como,1,1,D,0,1,A,,16,12,3,5,13,10,5,5,2,3,0,0,2024_2025,normal
2025-05-23,Como,Inter,0,2,A,0,1,A,,18,11,4,7,10,9,1,4,1,3,1,0,2024_2025,normal
2025-05-23,Napoli,Cagliari,2,0,H,1,0,H,,18,4,6,1,14,14,8,3,2,1,0,0,2024_2025,normal
2025-05-24,Bologna,Genoa,1,3,A,0,3,A,,16,5,5,3,13,23,13,1,5,2,0,0,2024_2025,normal
2025-05-24,Milan,Monza,2,0,H,0,0,D,,21,6,6,2,8,9,4,6,0,1,0,0,2024_2025,normal
2025-05-25,Atalanta,Parma,2,3,A,2,0,H,,11,18,5,10,7,7,5,6,1,1,0,0,2024_2025,normal
2025-05-25,Empoli,Verona,1,2,A,1,1,D,,14,5,5,2,10,29,13,1,2,2,0,0,2024_2025,normal
2025-05-25,Lazio,Lecce,0,1,A,0,1,A,,26,9,7,3,11,11,14,4,2,3,1,1,2024_2025,normal
2025-05-25,Torino,Roma,0,2,A,0,1,A,,11,15,4,5,15,11,2,1,1,1,0,0,2024_2025,normal
2025-05-25,Udinese,Fiorentina,2,3,A,1,0,H,,12,25,3,11,15,6,2,8,3,2,1,0,2024_2025,normal
2025-05-25,Venezia,Juventus,2,3,A,1,2,A,,12,15,5,5,10,18,6,6,1,2,0,0,2024_2025,normal
