#,Resim,Stadyum,Kapasite,Şehir,Bölge,Ev Sahibi Takım,Açılış,gtdFransa'da futbol,gtdFransa'da futbol.1,gtdAvrupa'daki futbol stadyumu listeleri,gtdAvrupa'daki futbol stadyumu listeleri.1
1.0,,Fransa Stadyumu,81338,Paris,Île-de-France,Fransa millî futbol takımı,1998.0,,,,
2.0,,Vélodrome Stadyumu,60013,Marsilya,Provence-Alpes-Côte d'Azur,Marseille,1937.0,,,,
3.0,,Prensler Parkı,48712,Paris,Île-de-France,Paris Saint-Germain,1897.0,,,,
4.0,,Stade Félix Bollaert,41233,Lens,Nord-Pas-de-Calais,RC Lens,1932.0,,,,
5.0,,Gerland Stadyumu,41044,Lyon,Rhône-Alpes,Olympique Lyonnais,1926.0,,,,
6.0,,Beaujoire Stadyumu,38285,Nantes,Pays de la Loire,Nantes,1984.0,,,,
7.0,,Geoffroy Guichard Stadyumu,35616,Saint-Étienne,Rhône-Alpes,Saint-Étienne,1931.0,,,,
8.0,,Belediye Stadyumu (Toulouse),35575,Toulouse,Midi-Pyrénées,Toulouse FC,1937.0,,,,
9.0,,Chaban-Delmas Stadyumu,34462,Bordeaux,Aquitaine,Bordeaux,1938.0,,,,
10.0,,Stade de la Mosson,"32,939[1]",Montpellier,Languedoc-Roussillon,Montpellier HSC,1972.0,,,,
11.0,,Stade de la Route de Lorient,31127,Rennes,Brittany,Rennes,1912.0,,,,
12.0,,Meinau Stadyumu,29230,Strazburg,Alsace,Strasbourg,1914.0,,,,
13.0,,Stade Municipal Saint-Symphorien,"26,700[2]",Metz,Lorraine,FC Metz,1923.0,,,,
14.0,,MMArena,25000,Le Mans,Pays de la Loire,Le Mans,2011.0,,,,
15.0,-,Stade du Hainaut,25000,Valenciennes,Nord-Pas-de-Calais,Valenciennes,2011.0,,,,
16.0,,Stade de l'Abbé-Deschamps,23467,Auxerre,Bourgogne,Auxerre,1918.0,,,,
17.0,,Louis Dugauguez Stadyumu,23189,Sedan,Champagne-Ardenne,Sedan,2000.0,,,,
18.0,,Stade Michel d'Ornano,21500,Caen,Aşağı Normandiya,Caen,1993.0,,,,
19.0,,Stade Auguste-Delaune II,21684,Reims,Champagne-Ardenne,Stade de Reims,2008.0,,,,
20.0,,Aube Stadyumu,20400,Troyes,Champagne-Ardenne,Troyes,1956.0,,,,
21.0,,Stade Marcel Picot,20087,Tomblaine,Lorraine,Nancy,1926.0,,,,
22.0,,Stade des Alpes,20068,Grenoble,Rhône-Alpes,Grenoble Foot 38,2008.0,,,,
23.0,,Stade Auguste Bonal,20025,Montbéliard,Franche-Comté,Sochaux,2000.0,,,,
24.0,,Stade Sébastien Charléty,20000,Paris,Île-de-France,Paris FC,1938.0,,,,
,,OL Arena,61556,Décines-Charpieu,Rhône-Alpes,Olympique Lyonnais,2015.0,,,,
,,Stade Borne de l'Espoir,50186,Villeneuve-d'Ascq,Nord-Pas-de-Calais,Lille,2012.0,,,,
,,New Bordeaux stadium,43000,Bordeaux,Aquitaine,Bordeaux,2015.0,,,,
,,Grand Stade Nice,35624,Nice,Provence-Alpes-Côte d'Azur,OGC Nice,2013.0,,,,
,,,,,,,,Fransa Futbol Federasyonu Başkan: Noël Le Graët,Fransa Futbol Federasyonu Başkan: Noël Le Graët,,
,,,,,,,,Millî takımlar,Fransa Fransa B Geçmişi Teknik direktörler İstatistikler ve rekorlar Fransa-İtalya derbisi Fransa '98,,
,,,,,,,,Kadın millî takımlar,Fransa Genç,,
,,,,,,,,Genç millî takımlar,U-21 U-20 U-19 U-18 U-17 U-16 Genç,,
,,,,,,,,Fransa dışındaki millî takımlar,Fransız Guyanası Guadeloupe Mayotte Martinik Réunion Saint Barthélemy Saint Martin Saint Pierre ve Miquelon Tahiti Wallis ve Futuna Yeni Kaledonya,,
,,,,,,,,Resmî olmayan millî takımlar,Bretonya Korsika,,
,,,,,,,,Fransa futbol ligleri,Ligue de Football Professionnel Ligue 1 Ligue 2 National CFA (4 grup) CFA 2 (8 grup) Bölgesel Department,,
,,,,,,,,Fransa kadın futbol ligleri,D1 Féminine D2 Féminine (2 grup) D3 Féminine (4 grup),,
,,,,,,,,Fransa genç futbol ligleri,U-19 (4 grup) U-17 (6 grup),,
,,,,,,,,Fransa futbol ligi sistemi,Championnat National (Fransız Guyanası) Championnat National (Martinique) Division d’Honneur (Guadeloupe) Division d’Honneur (Mayotte) Division d’Honneur (Yeni Kaledonya) Ligue des Antilles Réunion Premier Ligi Saint-Martin Şampiyonası Saint Pierre ve Miquelon Championnat,,
,,,,,,,,Kupalar,Coupe de France Coupe de la Ligue Trophée des champions,,
,,,,,,,,Kadın kupaları,Fransa Kadınlar Kupası,,
,,,,,,,,Genç kupaları,Gambardella Kupası,,
,,,,,,,,Fransa dışındaki kupalar,Guadeloupe Kupası Guyane Kupası Martinique Kupası Mayotte Kupası Noél Kupası Réunion Kupası Polynésie Kupası Outre-Mer Kupası Yeni Kaledonya Kupası,,
,,,,,,,,Futbol okulları,Castelmaurou Châteauroux Clairefontaine Liévin Ploufragan Saint-Sébastien-sur-Loire Vichy,,
,,,,,,,,Organizasyonlar,UNFP Ödülleri Ayın Futbolcusu) DNCG,,
,,,,,,,,Diğer,Charles Drago Kupası Montaigu Turnuvası,,
,,,,,,,,Ligue 1 kulüpleri listesi Fransa birinci lig futbol şampiyonları listesi Fransa ikinci lig futbol şampiyonları listesi Fransa kadınlar ligi şampiyonları listesi Fransa Kupası şampiyonları Ligue 1 sıralamaları Ligue 1 istatistikleri ve rekorları Ligue 1 oyuncuları Fransa futbol kulüpleri Fransa'daki stadyumların listesi,Ligue 1 kulüpleri listesi Fransa birinci lig futbol şampiyonları listesi Fransa ikinci lig futbol şampiyonları listesi Fransa kadınlar ligi şampiyonları listesi Fransa Kupası şampiyonları Ligue 1 sıralamaları Ligue 1 istatistikleri ve rekorları Ligue 1 oyuncuları Fransa futbol kulüpleri Fransa'daki stadyumların listesi,,
,,,,,,,,,,Egemen devletler,Almanya · Arnavutluk · Andorra · Avusturya · Azerbaycan · Belçika · Beyaz Rusya · Birleşik Krallık (İngiltere · Kuzey İrlanda · İskoçya · Galler) · Bosna-Hersek · Bulgaristan · Çek Cumhuriyeti · Danimarka · Ermenistan · Estonya · Finlandiya · Fransa · Gürcistan · Hırvatistan · Hollanda · İrlanda · İspanya · İsveç · İsviçre · İtalya · İzlanda · Kazakistan · Kıbrıs Cumhuriyeti · Letonya · Lihtenştayn · Litvanya · Lüksemburg · Makedonya · Macaristan · Malta · Moldova · Monako · Karadağ · Norveç · Polonya · Portekiz · Romanya · Rusya · San Marino · Sırbistan · Slovakya · Slovenya · Türkiye · Ukrayna · Yunanistan
,,,,,,,,,,Sınırlı tanınan devletler,Åland · Faroe Adaları · Cebelitarık · Guernsey · Man Adası · Jersey Svalbard
,,,,,,,,,,Bağımlı ve diğer oluşumlar,Abhazya · Artsak · Kosovo · KKTC · Güney Osetya · Transnistria
