Stadium,Image,Club,Location,Opened,Closed,Capacity,vteSerie A venues,vteSerie A venues.1,vteSerie A,vteSerie A.1
Arena Garibaldi – Stadio Romeo Anconetani,,Pisa,Pisa,1919.0,,25000,,,,
Campo degli Sports,,Bari,Bari,1925.0,1967.0,10000,,,,
Campo Testaccio,,Roma,Rome,1914.0,1940.0,20000,,,,
Juventus Stadium,,Juventus,Turin,2011.0,,"41,507[1]",,,,
Mapei Stadium – Città del Tricolore,,Sassuolo and Reggiana,Reggio Emilia,1995.0,,23717,,,,
San Siro also known as the Stadio Giuseppe Meazza,,Milan and Internazionale,Milan,1926.0,,80018,,,,
Unipol Domus,,Cagliari,Cagliari,2017.0,,16233,,,,
Stadio Adriatico – Giovanni Cornacchia,,Pescara,Pescara,1955.0,,20515,,,,
Stadio Alberto Braglia,,(Carpi) and Modena,Modena,1936.0,,21092,,,,
Stadio Alberto Picco,,Spezia,La Spezia,1919.0,,10336,,,,
Stadio delle Alpi,,Juventus and Torino,Turin,1990.0,2006.0,69295,,,,
Stadio Amsicora,,Cagliari,Cagliari,1923.0,1970.0,29000,,,,
Stadio Angelo Massimino,,Catania,Catania,1937.0,,23266,,,,
Stadio Arechi,,Salernitana,Salerno,1990.0,,31300,,,,
Stadio Armando Picchi,,Livorno,Livorno,1935.0,,19238,,,,
Stadio Artemio Franchi,,Fiorentina,Florence,1931.0,,43147,,,,
Stadio Artemio Franchi – Montepaschi Arena,,Siena,Siena,1923.0,,15373,,,,
Stadio Arturo Collana,,Napoli,Naples,1929.0,1959.0,12000,,,,
Stadio Atleti Azzurri d'Italia,,Atalanta,Bergamo,1928.0,,26562,,,,
Stadio Benito Stirpe,,Frosinone,Frosinone,2017.0,,16227,,,,
Stadio Brianteo,,Monza,Monza,1988.0,,15039,,,,
Stadio Carlo Castellani,,Empoli,Empoli,1923.0,,21092,,,,
Stadio Carlo Speroni,,Pro Patria,Busto Arsizio,1927.0,,5000,,,,
Stadio Cino e Lillo Del Duca,,Ascoli,Ascoli,1962.0,,20550,,,,
Stadio Ciro Vigorito,,Benevento,Benevento,1979.0,,25554,,,,
Stadio del Conero,,Ancona,Ancona,1992.0,,23967,,,,
Stadio di Corso Marsiglia,,Juventus,Turin,1922.0,1933.0,15000,,,,
Stadio di Corso Sebastopoli,,Juventus,Turin,1908.0,1922.0,10000,,,,
Stadio Danilo Martelli,,Mantova,Mantua,1949.0,,17844,,,,
Stadio Diego Armando Maradona,,Napoli,Naples,1959.0,,54726,,,,
Stadio Dino Manuzzi,,Cesena,Cesena,1957.0,,23860,,,,
Stadio Donato Vestuti,,Salernitana,Salerno,1931.0,1990.0,9000,,,,
Stadio Ennio Tardini,,Parma,Parma,1923.0,,27906,,,,
Stadio Enrico Patti,,Novara,Novara,1931.0,1976.0,2030,,,,
Stadio Euganeo,,Padova,Padova,1994.0,,32420,,,,
Stadio Filadelfia,,Torino,Turin,1926.0,1963.0,4000,,,,
Stadio Franco Ossola,,Varese,Varese,1925.0,,8213,,,,
Stadio Friuli,,Udinese,Udine,1976.0,,25144,,,,
Stadio Giovanni Celeste,,Messina,Messina,1932.0,2004.0,12000,,,,
Stadio Giovanni Mari,,Legnano,Legnano,1921.0,,5000,,,,
Stadio Giovanni Zini,,Cremonese,Cremona,1929.0,,20641,,,,
Stadio Giuseppe Grezar,,Triestina,Triestina,1932.0,1992.0,8000,,,,
Stadio Giuseppe Moccagatta,,Alessandria,Alessandria,1929.0,,8000,,,,
Stadio Giuseppe Sinigaglia,,Como,Como,1927.0,,13602,,,,
Stadio Is Arenas,,(Cagliari),Quartu Sant'Elena,2012.0,,16500,,,,
Stadio Leonardo Garilli,,Piacenza,Piacenza,1969.0,,21668,,,,
Stadio Libero Liberati,,Ternana,Terni,1969.0,,17460,,,,
Stadio del Littorio,,Liguria and Sampierdarenese,Genoa,1928.0,1958.0,15000,,,,
Stadio Luigi Ferraris,,Genoa and Sampdoria,Genoa,1911.0,,36559,,,,
Stadio Marc'Antonio Bentegodi (1906–1963),,Hellas Verona,Verona,1906.0,1963.0,5000,,,,
Stadio Marc'Antonio Bentegodi (1963–),,Chievo and Hellas Verona,Verona,1963.0,,39371,,,,
Stadio Marcello Melani,,Pistoiese,Pistoia,1965.0,,13195,,,,
Stadio Mario Rigamonti,,Brescia,Brescia,1959.0,,16743,,,,
Stadio Matusa,,Frosinone,Frosinone,1932.0,2017.0,9680,,,,
Stadio Militare dell'Arenaccia,,Napoli,Naples,1923.0,1959.0,3000,,,,
Stadio Mirabello,,Reggiana,Reggio Emilia,1910.0,2005.0,15500,,,,
Stadio Moretti,,Udinese,Udine,1920.0,1976.0,25000,,,,
Stadio Motovelodromo Umberto I,,Juventus and Torino,Turin,1895.0,1917.0,15000,,,,
Stadio Natale Palli,,Casale,Casale Monferrato,1921.0,,5600,,,,
Stadio Nazionale PNF,,Roma and Lazio,Rome,1911.0,1953.0,47300,,,,
Stadio Nereo Rocco,,(Cagliari)[2],Trieste,1992.0,,21000,,,,
Stadio Nicola Ceravolo,,Catanzaro,Catanzaro,1919.0,,14650,,,,
Stadio Olimpico,,Roma and Lazio,Rome,1937.0,,70634,,,,
Stadio Olimpico Grande Torino,,(Juventus) and Torino,Turin,1933.0,,27958,,,,
Stadio Omobono Tenni,,Treviso,Treviso,1933.0,,10000,,,,
Stadio Oreste Granillo,,Reggina,Reggina,1999.0,,27543,,,,
Stadio Paolo Mazza,,SPAL,Ferrara,1928.0,,13135,,,,
Stadio Partenopeo,,Napoli,Naples,1934.0,1942.0,40000,,,,
Stadio Partenio-Adriano Lombardi,,Avellino,Avellino,1973.0,,26000,,,,
Stadio Pier Luigi Penzo,,Venezia,Venezia,1913.0,,7450,,,,
Stadio Pino Zaccheria,,Foggia,Foggia,1925.0,,25085,,,,
Stadio Porta Elisa,,Lucchese,Lucca,1935.0,,7386,,,,
Stadio Renato Curi,,Perugia,Perugia,1975.0,,23625,,,,
Stadio Renato Dall'Ara,,Bologna,Bologna,1927.0,,38279,,,,
Stadio Renzo Barbera,,Palermo,Palermo,1932.0,,36349,,,,
Stadio Rigamonti-Ceppi,,Lecco,Lecco,1922.0,,4997,,,,
Stadio Romeo Menti,,Vicenza,Vicenza,1935.0,,12000,,,,
Stadio della Rondinella,,Roma and Lazio,Rome,1914.0,1957.0,15000,,,,
Stadio Sant'Elia,,Cagliari,Cagliari,1970.0,2019.0,16233,,,,
Stadio San Filippo,,Messina,Messina,2004.0,,38722,,,,
Stadio San Nicola,,Bari,Bari,1990.0,,58270,,,,
Stadio Silvio Appiani,,Padova,Padova,1924.0,1994.0,24000,,,,
Stadio Silvio Piola,,Novara,Novara,1976.0,,17875,,,,
Stadio Silvio Piola,,Pro Vercelli,Vercelli,1932.0,,5500,,,,
Stadio Via del Mare,,Lecce,Lecce,1966.0,,40670,,,,
Stadio della Vittoria,,Bari,Bari,1934.0,1990.0,19253,,,,
Stadium di Viale Piave,,Brescia,Brescia,1921.0,1959.0,2500,,,,
,,,,,,,Current,Atleti Azzurri d'Italia Bentegodi Dall'Ara Ferraris Franchi Friuli Garibaldi – Stadio Romeo Anconetani Juventus Stadium Mapei Stadium Maradona Olimpico Olimpico Grande Torino San Siro Sinigaglia Tardini Unipol Domus Via del mare Zini,,
,,,,,,,Former,Adriatico – Giovanni Cornacchia Appiani Amsicora Arechi Franchi – Montepaschi Arena Barbera Braglia Brianteo Castellani Celeste Ceravolo Collana Conero Curi Del Duca Elisa Euganeo Filadelfia Garilli Granillo Grezar Liberati Littorio Manuzzi Mari Martelli Massimino Mazza Melani Menti Militare dell'Arenaccia Mirabello Moccagatta Ossola Palli Partenopeo Partenio-Adriano Lombardi Patti Penzo Picchi Picco Piola (Novara) Piola (Vercelli) Rigamonti Rigamonti-Ceppi San Filippo San Nicola Scida Speroni Stirpe Tenni Umberto I Vestuti Vigorito Vittoria Zaccheria,,
,,,,,,,Demolished,Bentegodi (1906–1963) Campo degli Sports Campo Testaccio Corso Marsiglia Corso Sebastopoli Delle Alpi Matusa Moretti Nazionale PNF Rondinella Sant'Elia Viale Piave,,
,,,,,,,,,2025–26 clubs,Atalanta Bologna Cagliari Como Cremonese Fiorentina Genoa Hellas Verona Inter Milan Juventus Lazio Lecce AC Milan Napoli Parma Pisa Roma Sassuolo Torino Udinese
,,,,,,,,,Former clubs,Alessandria Ancona Ascoli Avellino Bari Benevento Brescia Carpi Casale Catania Catanzaro Cesena Chievo Crotone Empoli Foggia Frosinone Lecco Legnano Livorno Lucchese Mantova Messina Modena Monza Novara Padova Palermo Perugia Pescara Piacenza Pistoiese Pro Patria Pro Vercelli Reggiana Reggina Salernitana Sampdoria Siena SPAL Spezia Ternana Treviso Triestina Varese Venezia Vicenza
,,,,,,,,,Organisations,Lega Serie A Defunct: Lega Calcio Lega Alta Italia Direttorio Superiore Lega Nord
,,,,,,,,,Competition,Teams winners Players foreign Managers Stadia
,,,,,,,,,Statistics and awards,Records Serie A Awards Coach of the Month Player of the Month Rising Star of the Month Goal of the Month Team of the Year Footballer of the Year Coach of the Year Goalkeeper of the Year Referee of the Year Football Club of the Year Italian Footballer of the Year Foreign Footballer of the Year Young Footballer of the Year Defender of the Year Top scorers Players with 100+ goals Hat-tricks
,,,,,,,,,Finances,Richest clubs: Deloitte list Forbes list
,,,,,,,,,History,Prima Divisione Divisione Nazionale
,,,,,,,,,Associated competitions,Coppa Italia Supercoppa Italiana Serie B Serie C Serie D European UEFA Champions League UEFA Europa League UEFA Conference League
